[
    {
        "User": "a",
        "Day": 1,
        "Exercises": [
            {
                "Exercise": 264,
                "Probability": 0.1,
                "Muscle Group": 6
            },
            {
                "Exercise": 218,
                "Probability": 0.4,
                "Muscle Group": 5
            },
            {
                "Exercise": 270,
                "Probability": 0.18,
                "Muscle Group": 5
            },
            {
                "Exercise": 621,
                "Probability": 0.05,
                "Muscle Group": 5
            }
        ]
    },
    {
        "User": "a",
        "Day": 2,
        "Exercises": [
            {
                "Exercise": 248,
                "Probability": 0.033499999999999995,
                "Muscle Group": 6
            },
            {
                "Exercise": 8,
                "Probability": 0.03,
                "Muscle Group": 5
            },
            {
                "Exercise": 119,
                "Probability": 0.026166666666666668,
                "Muscle Group": 6
            },
            {
                "Exercise": 1497,
                "Probability": 0.020333333333333335,
                "Muscle Group": 6
            }
        ]
    }
]