[
    {
        "User": "ania",
        "Day": 1,
        "Exercises": [
            {
                "Exercise": 264,
                "Probability": 0.93,
                "Muscle Group": 6
            },
            {
                "Exercise": 1230,
                "Probability": 0.01,
                "Muscle Group": 6
            },
            {
                "Exercise": 1616,
                "Probability": 0.01,
                "Muscle Group": 6
            },
            {
                "Exercise": 38,
                "Probability": 0.008498168498168498,
                "Muscle Group": 5
            }
        ]
    },
    {
        "User": "ania",
        "Day": 2,
        "Exercises": [
            {
                "Exercise": 1715,
                "Probability": 0.006666666666666666,
                "Muscle Group": 6
            },
            {
                "Exercise": 622,
                "Probability": 0.0063003663003663,
                "Muscle Group": 5
            },
            {
                "Exercise": 8,
                "Probability": 0.005531135531135532,
                "Muscle Group": 5
            },
            {
                "Exercise": 22,
                "Probability": 0.004871794871794872,
                "Muscle Group": 5
            }
        ]
    }
]