[
    {
        "User": "ddd",
        "Day": 1,
        "Exercises": [
            {
                "Exercise": 264,
                "Probability": 0.6333333333333333,
                "Muscle Group": 6
            },
            {
                "Exercise": 8,
                "Probability": 0.09383394383394382,
                "Muscle Group": 5
            },
            {
                "Exercise": 16,
                "Probability": 0.0612942612942613,
                "Muscle Group": 5
            },
            {
                "Exercise": 1937,
                "Probability": 0.05555555555555555,
                "Muscle Group": 6
            }
        ]
    },
    {
        "User": "ddd",
        "Day": 2,
        "Exercises": [
            {
                "Exercise": 1935,
                "Probability": 0.04444444444444444,
                "Muscle Group": 6
            },
            {
                "Exercise": 619,
                "Probability": 0.03333333333333333,
                "Muscle Group": 5
            },
            {
                "Exercise": 269,
                "Probability": 0.03333333333333333,
                "Muscle Group": 5
            },
            {
                "Exercise": 1263,
                "Probability": 0.007692307692307693,
                "Muscle Group": 5
            }
        ]
    },
    {
        "User": "ddd",
        "Day": 3,
        "Exercises": [
            {
                "Exercise": 38,
                "Probability": 0.007692307692307693,
                "Muscle Group": 5
            },
            {
                "Exercise": 107,
                "Probability": 0.007142857142857143,
                "Muscle Group": 5
            },
            {
                "Exercise": 264,
                "Probability": 0.6333333333333333,
                "Muscle Group": 6
            },
            {
                "Exercise": 8,
                "Probability": 0.09383394383394382,
                "Muscle Group": 5
            }
        ]
    }
]