[
    {
        "Day": 1,
        "Exercises": [
            {
                "Exercise": 16.0,
                "Muscle Group": 5.0
            },
            {
                "Exercise": 1678.0,
                "Muscle Group": 5.0
            },
            {
                "Exercise": 61.0,
                "Muscle Group": 3.0
            }
        ]
    },
    {
        "Day": 2,
        "Exercises": []
    },
    {
        "Day": 3,
        "Exercises": []
    }
]