[
    {
        "User": "Emilia",
        "Day": 1,
        "Exercises": [
            {
                "Exercise": 511,
                "Probability": 0.4666666666666667,
                "Muscle Group": 6
            },
            {
                "Exercise": 29,
                "Probability": 0.075,
                "Muscle Group": 5
            },
            {
                "Exercise": 265,
                "Probability": 0.06666666666666667,
                "Muscle Group": 6
            },
            {
                "Exercise": 1230,
                "Probability": 0.06666666666666667,
                "Muscle Group": 6
            }
        ]
    },
    {
        "User": "Emilia",
        "Day": 2,
        "Exercises": [
            {
                "Exercise": 560,
                "Probability": 0.06666666666666667,
                "Muscle Group": 6
            },
            {
                "Exercise": 303,
                "Probability": 0.05347222222222222,
                "Muscle Group": 5
            },
            {
                "Exercise": 906,
                "Probability": 0.03652777777777778,
                "Muscle Group": 5
            },
            {
                "Exercise": 1941,
                "Probability": 0.03333333333333333,
                "Muscle Group": 6
            }
        ]
    },
    {
        "User": "Emilia",
        "Day": 3,
        "Exercises": [
            {
                "Exercise": 1967,
                "Probability": 0.03333333333333333,
                "Muscle Group": 6
            },
            {
                "Exercise": 1067,
                "Probability": 0.03333333333333333,
                "Muscle Group": 2
            },
            {
                "Exercise": 511,
                "Probability": 0.4666666666666667,
                "Muscle Group": 6
            },
            {
                "Exercise": 29,
                "Probability": 0.075,
                "Muscle Group": 5
            }
        ]
    }
]