[
    {
        "User": "hania",
        "Day": 1,
        "Exercises": [
            {
                "Exercise": 264,
                "Probability": 0.16,
                "Muscle Group": 6
            },
            {
                "Exercise": 9,
                "Probability": 0.3923571428571428,
                "Muscle Group": 5
            },
            {
                "Exercise": 511,
                "Probability": 0.13,
                "Muscle Group": 6
            },
            {
                "Exercise": 1461,
                "Probability": 0.05583333333333333,
                "Muscle Group": 5
            }
        ]
    },
    {
        "User": "hania",
        "Day": 2,
        "Exercises": [
            {
                "Exercise": 1639,
                "Probability": 0.04,
                "Muscle Group": 6
            },
            {
                "Exercise": 47,
                "Probability": 0.051809523809523805,
                "Muscle Group": 5
            },
            {
                "Exercise": 8,
                "Probability": 0.02,
                "Muscle Group": 5
            },
            {
                "Exercise": 147,
                "Probability": 0.02,
                "Muscle Group": 5
            }
        ]
    },
    {
        "User": "hania",
        "Day": 3,
        "Exercises": [
            {
                "Exercise": 998,
                "Probability": 0.016,
                "Muscle Group": 5
            },
            {
                "Exercise": 1987,
                "Probability": 0.013333333333333332,
                "Muscle Group": 5
            },
            {
                "Exercise": 9,
                "Probability": 0.3923571428571428,
                "Muscle Group": 5
            },
            {
                "Exercise": 264,
                "Probability": 0.16,
                "Muscle Group": 6
            }
        ]
    }
]