[
    {
        "User": "jola",
        "Day": 1,
        "Exercises": [
            {
                "Exercise": 264,
                "Probability": 0.4525,
                "Muscle Group": 6
            },
            {
                "Exercise": 16,
                "Probability": 0.10971472967177297,
                "Muscle Group": 5
            },
            {
                "Exercise": 107,
                "Probability": 0.10462686616788781,
                "Muscle Group": 5
            },
            {
                "Exercise": 8,
                "Probability": 0.07542286407263188,
                "Muscle Group": 5
            }
        ]
    },
    {
        "User": "jola",
        "Day": 2,
        "Exercises": [
            {
                "Exercise": 263,
                "Probability": 0.0375,
                "Muscle Group": 6
            },
            {
                "Exercise": 1166,
                "Probability": 0.03373995139707214,
                "Muscle Group": 5
            },
            {
                "Exercise": 191,
                "Probability": 0.032228811822852074,
                "Muscle Group": 5
            },
            {
                "Exercise": 1495,
                "Probability": 0.03126776409864645,
                "Muscle Group": 5
            }
        ]
    },
    {
        "User": "jola",
        "Day": 3,
        "Exercises": [
            {
                "Exercise": 1491,
                "Probability": 0.03,
                "Muscle Group": 6
            },
            {
                "Exercise": 1496,
                "Probability": 0.02777576688876999,
                "Muscle Group": 5
            },
            {
                "Exercise": 264,
                "Probability": 0.4525,
                "Muscle Group": 6
            },
            {
                "Exercise": 16,
                "Probability": 0.10971472967177297,
                "Muscle Group": 5
            }
        ]
    }
]