[
    {
        "User": "Kuba",
        "Day": 1,
        "Exercises": [
            {
                "Exercise": 1278,
                "Probability": 0.1155344164650773,
                "Muscle Group": 3
            },
            {
                "Exercise": 1307,
                "Probability": 0.07499054135944282,
                "Muscle Group": 3
            },
            {
                "Exercise": 804,
                "Probability": 0.0744210848283657,
                "Muscle Group": 3
            },
            {
                "Exercise": 1322,
                "Probability": 0.07357893544225882,
                "Muscle Group": 3
            }
        ]
    },
    {
        "User": "Kuba",
        "Day": 2,
        "Exercises": [
            {
                "Exercise": 187,
                "Probability": 0.06666666666666667,
                "Muscle Group": 3
            },
            {
                "Exercise": 1314,
                "Probability": 0.06569316523837715,
                "Muscle Group": 3
            },
            {
                "Exercise": 615,
                "Probability": 0.0619652052740288,
                "Muscle Group": 3
            },
            {
                "Exercise": 1312,
                "Probability": 0.06101624304784336,
                "Muscle Group": 3
            }
        ]
    },
    {
        "User": "Kuba",
        "Day": 3,
        "Exercises": [
            {
                "Exercise": 1329,
                "Probability": 0.05738904355670662,
                "Muscle Group": 3
            },
            {
                "Exercise": 1405,
                "Probability": 0.054595650208973584,
                "Muscle Group": 3
            },
            {
                "Exercise": 1278,
                "Probability": 0.1155344164650773,
                "Muscle Group": 3
            },
            {
                "Exercise": 1307,
                "Probability": 0.07499054135944282,
                "Muscle Group": 3
            }
        ]
    },
    {
        "User": "Kuba",
        "Day": 4,
        "Exercises": [
            {
                "Exercise": 1278,
                "Probability": 0.1155344164650773,
                "Muscle Group": 3
            },
            {
                "Exercise": 1307,
                "Probability": 0.07499054135944282,
                "Muscle Group": 3
            },
            {
                "Exercise": 804,
                "Probability": 0.0744210848283657,
                "Muscle Group": 3
            },
            {
                "Exercise": 1322,
                "Probability": 0.07357893544225882,
                "Muscle Group": 3
            }
        ]
    },
    {
        "User": "Kuba",
        "Day": 5,
        "Exercises": [
            {
                "Exercise": 1278,
                "Probability": 0.1155344164650773,
                "Muscle Group": 3
            },
            {
                "Exercise": 1307,
                "Probability": 0.07499054135944282,
                "Muscle Group": 3
            },
            {
                "Exercise": 804,
                "Probability": 0.0744210848283657,
                "Muscle Group": 3
            },
            {
                "Exercise": 1322,
                "Probability": 0.07357893544225882,
                "Muscle Group": 3
            }
        ]
    }
]