[
    {
        "User": "lola",
        "Day": 1,
        "Exercises": [
            {
                "Exercise": 264,
                "Probability": 0.19,
                "Muscle Group": 6
            },
            {
                "Exercise": 562,
                "Probability": 0.20550000000000002,
                "Muscle Group": 5
            },
            {
                "Exercise": 9,
                "Probability": 0.17,
                "Muscle Group": 5
            },
            {
                "Exercise": 218,
                "Probability": 0.13449999999999998,
                "Muscle Group": 5
            }
        ]
    },
    {
        "User": "lola",
        "Day": 2,
        "Exercises": [
            {
                "Exercise": 511,
                "Probability": 0.07,
                "Muscle Group": 6
            },
            {
                "Exercise": 896,
                "Probability": 0.11,
                "Muscle Group": 5
            },
            {
                "Exercise": 47,
                "Probability": 0.03,
                "Muscle Group": 5
            },
            {
                "Exercise": 1639,
                "Probability": 0.02,
                "Muscle Group": 6
            }
        ]
    },
    {
        "User": "lola",
        "Day": 3,
        "Exercises": [
            {
                "Exercise": 1471,
                "Probability": 0.01,
                "Muscle Group": 5
            },
            {
                "Exercise": 1128,
                "Probability": 0.01,
                "Muscle Group": 5
            },
            {
                "Exercise": 562,
                "Probability": 0.20550000000000002,
                "Muscle Group": 5
            },
            {
                "Exercise": 264,
                "Probability": 0.19,
                "Muscle Group": 6
            }
        ]
    }
]