[
    {
        "User": "Marek",
        "Day": 1,
        "Exercises": [
            {
                "Exercise": 248,
                "Probability": 0.10277777777777779,
                "Muscle Group": 6
            },
            {
                "Exercise": 896,
                "Probability": 0.23333333333333334,
                "Muscle Group": 5
            },
            {
                "Exercise": 53,
                "Probability": 0.1,
                "Muscle Group": 5
            },
            {
                "Exercise": 511,
                "Probability": 0.1,
                "Muscle Group": 6
            }
        ]
    },
    {
        "User": "Marek",
        "Day": 2,
        "Exercises": [
            {
                "Exercise": 119,
                "Probability": 0.07055555555555555,
                "Muscle Group": 6
            },
            {
                "Exercise": 147,
                "Probability": 0.06666666666666667,
                "Muscle Group": 5
            },
            {
                "Exercise": 335,
                "Probability": 0.06666666666666667,
                "Muscle Group": 4
            },
            {
                "Exercise": 1497,
                "Probability": 0.05999999999999999,
                "Muscle Group": 6
            }
        ]
    },
    {
        "User": "Marek",
        "Day": 3,
        "Exercises": [
            {
                "Exercise": 1941,
                "Probability": 0.03333333333333333,
                "Muscle Group": 6
            },
            {
                "Exercise": 22,
                "Probability": 0.03333333333333333,
                "Muscle Group": 5
            },
            {
                "Exercise": 896,
                "Probability": 0.23333333333333334,
                "Muscle Group": 5
            },
            {
                "Exercise": 248,
                "Probability": 0.10277777777777779,
                "Muscle Group": 6
            }
        ]
    },
    {
        "User": "Marek",
        "Day": 4,
        "Exercises": [
            {
                "Exercise": 896,
                "Probability": 0.23333333333333334,
                "Muscle Group": 5
            },
            {
                "Exercise": 248,
                "Probability": 0.10277777777777779,
                "Muscle Group": 6
            },
            {
                "Exercise": 53,
                "Probability": 0.1,
                "Muscle Group": 5
            },
            {
                "Exercise": 511,
                "Probability": 0.1,
                "Muscle Group": 6
            }
        ]
    }
]