[
    {
        "User": "Michal",
        "Day": 1,
        "Exercises": [
            {
                "Exercise": 1320,
                "Probability": 0.36666666666666664,
                "Muscle Group": 3
            },
            {
                "Exercise": 1067,
                "Probability": 0.1,
                "Muscle Group": 2
            },
            {
                "Exercise": 1301,
                "Probability": 0.06666666666666667,
                "Muscle Group": 3
            },
            {
                "Exercise": 88,
                "Probability": 0.04444444444444444,
                "Muscle Group": 4
            }
        ]
    },
    {
        "User": "Michal",
        "Day": 2,
        "Exercises": [
            {
                "Exercise": 833,
                "Probability": 0.03333333333333333,
                "Muscle Group": 3
            },
            {
                "Exercise": 454,
                "Probability": 0.03333333333333333,
                "Muscle Group": 2
            },
            {
                "Exercise": 459,
                "Probability": 0.03333333333333333,
                "Muscle Group": 1
            },
            {
                "Exercise": 681,
                "Probability": 0.03333333333333333,
                "Muscle Group": 4
            }
        ]
    },
    {
        "User": "Michal",
        "Day": 3,
        "Exercises": [
            {
                "Exercise": 1229,
                "Probability": 0.03333333333333333,
                "Muscle Group": 2
            },
            {
                "Exercise": 1556,
                "Probability": 0.03333333333333333,
                "Muscle Group": 1
            },
            {
                "Exercise": 1320,
                "Probability": 0.36666666666666664,
                "Muscle Group": 3
            },
            {
                "Exercise": 1067,
                "Probability": 0.1,
                "Muscle Group": 2
            }
        ]
    },
    {
        "User": "Michal",
        "Day": 4,
        "Exercises": [
            {
                "Exercise": 1320,
                "Probability": 0.36666666666666664,
                "Muscle Group": 3
            },
            {
                "Exercise": 1067,
                "Probability": 0.1,
                "Muscle Group": 2
            },
            {
                "Exercise": 1301,
                "Probability": 0.06666666666666667,
                "Muscle Group": 3
            },
            {
                "Exercise": 88,
                "Probability": 0.04444444444444444,
                "Muscle Group": 4
            }
        ]
    }
]