[
    {
        "Day": 1,
        "Exercises": [
            {
                "Exercise": 97.0,
                "Muscle Group": 5.0
            },
            {
                "Exercise": 106.0,
                "Muscle Group": 5.0
            },
            {
                "Exercise": 107.0,
                "Muscle Group": 5.0
            },
            {
                "Exercise": 22.0,
                "Muscle Group": 5.0
            },
            {
                "Exercise": 191.0,
                "Muscle Group": 5.0
            },
            {
                "Exercise": 230.0,
                "Muscle Group": 5.0
            }
        ]
    },
    {
        "Day": 2,
        "Exercises": [
            {
                "Exercise": 247.0,
                "Muscle Group": 5.0
            },
            {
                "Exercise": 38.0,
                "Muscle Group": 5.0
            },
            {
                "Exercise": 16.0,
                "Muscle Group": 5.0
            },
            {
                "Exercise": 610.0,
                "Muscle Group": 5.0
            },
            {
                "Exercise": 822.0,
                "Muscle Group": 5.0
            },
            {
                "Exercise": 269.0,
                "Muscle Group": 5.0
            }
        ]
    },
    {
        "Day": 3,
        "Exercises": [
            {
                "Exercise": 370.0,
                "Muscle Group": 5.0
            },
            {
                "Exercise": 778.0,
                "Muscle Group": 5.0
            },
            {
                "Exercise": 383.0,
                "Muscle Group": 5.0
            },
            {
                "Exercise": 1678.0,
                "Muscle Group": 5.0
            },
            {
                "Exercise": 1835.0,
                "Muscle Group": 5.0
            },
            {
                "Exercise": 506.0,
                "Muscle Group": 5.0
            }
        ]
    }
]