[
    {
        "Day": 1,
        "Exercises": [
            {
                "Exercise": 8.0,
                "Muscle Group": 5.0
            },
            {
                "Exercise": 1263.0,
                "Muscle Group": 5.0
            },
            {
                "Exercise": 1267.0,
                "Muscle Group": 5.0
            },
            {
                "Exercise": 38.0,
                "Muscle Group": 5.0
            },
            {
                "Exercise": 1456.0,
                "Muscle Group": 5.0
            },
            {
                "Exercise": 370.0,
                "Muscle Group": 5.0
            }
        ]
    },
    {
        "Day": 2,
        "Exercises": [
            {
                "Exercise": 22.0,
                "Muscle Group": 5.0
            },
            {
                "Exercise": 16.0,
                "Muscle Group": 5.0
            },
            {
                "Exercise": 582.0,
                "Muscle Group": 5.0
            },
            {
                "Exercise": 622.0,
                "Muscle Group": 5.0
            },
            {
                "Exercise": 1200.0,
                "Muscle Group": 1.0
            },
            {
                "Exercise": 93.0,
                "Muscle Group": 1.0
            }
        ]
    },
    {
        "Day": 3,
        "Exercises": [
            {
                "Exercise": 30.0,
                "Muscle Group": 1.0
            },
            {
                "Exercise": 1412.0,
                "Muscle Group": 1.0
            },
            {
                "Exercise": 1417.0,
                "Muscle Group": 1.0
            },
            {
                "Exercise": 66.0,
                "Muscle Group": 1.0
            },
            {
                "Exercise": 1428.0,
                "Muscle Group": 1.0
            },
            {
                "Exercise": 780.0,
                "Muscle Group": 1.0
            }
        ]
    }
]