[
    {
        "User": "olgamaria",
        "Day": 1,
        "Exercises": [
            {
                "Exercise": 511,
                "Probability": 0.1,
                "Muscle Group": 6
            },
            {
                "Exercise": 9,
                "Probability": 0.2853333333333333,
                "Muscle Group": 5
            },
            {
                "Exercise": 47,
                "Probability": 0.13466666666666666,
                "Muscle Group": 5
            },
            {
                "Exercise": 264,
                "Probability": 0.09,
                "Muscle Group": 6
            }
        ]
    },
    {
        "User": "olgamaria",
        "Day": 2,
        "Exercises": [
            {
                "Exercise": 1616,
                "Probability": 0.08,
                "Muscle Group": 6
            },
            {
                "Exercise": 1639,
                "Probability": 0.05,
                "Muscle Group": 6
            },
            {
                "Exercise": 1759,
                "Probability": 0.04,
                "Muscle Group": 3
            },
            {
                "Exercise": 1967,
                "Probability": 0.03,
                "Muscle Group": 6
            }
        ]
    },
    {
        "User": "olgamaria",
        "Day": 3,
        "Exercises": [
            {
                "Exercise": 1988,
                "Probability": 0.024166666666666666,
                "Muscle Group": 5
            },
            {
                "Exercise": 1461,
                "Probability": 0.02,
                "Muscle Group": 5
            },
            {
                "Exercise": 9,
                "Probability": 0.2853333333333333,
                "Muscle Group": 5
            },
            {
                "Exercise": 47,
                "Probability": 0.13466666666666666,
                "Muscle Group": 5
            }
        ]
    }
]