[
    {
        "Day": 1,
        "Exercises": [
            {
                "Exercise": 1166.0,
                "Muscle Group": 5.0
            },
            {
                "Exercise": 8.0,
                "Muscle Group": 5.0
            },
            {
                "Exercise": 106.0,
                "Muscle Group": 5.0
            },
            {
                "Exercise": 107.0,
                "Muscle Group": 5.0
            },
            {
                "Exercise": 1475.0,
                "Muscle Group": 5.0
            },
            {
                "Exercise": 1476.0,
                "Muscle Group": 5.0
            }
        ]
    },
    {
        "Day": 2,
        "Exercises": [
            {
                "Exercise": 191.0,
                "Muscle Group": 5.0
            },
            {
                "Exercise": 16.0,
                "Muscle Group": 5.0
            },
            {
                "Exercise": 1495.0,
                "Muscle Group": 5.0
            },
            {
                "Exercise": 1496.0,
                "Muscle Group": 5.0
            },
            {
                "Exercise": 1170.0,
                "Muscle Group": 1.0
            },
            {
                "Exercise": 1191.0,
                "Muscle Group": 1.0
            }
        ]
    },
    {
        "Day": 3,
        "Exercises": [
            {
                "Exercise": 1194.0,
                "Muscle Group": 1.0
            },
            {
                "Exercise": 93.0,
                "Muscle Group": 1.0
            },
            {
                "Exercise": 30.0,
                "Muscle Group": 1.0
            },
            {
                "Exercise": 1406.0,
                "Muscle Group": 1.0
            },
            {
                "Exercise": 1277.0,
                "Muscle Group": 3.0
            },
            {
                "Exercise": 52.0,
                "Muscle Group": 3.0
            }
        ]
    }
]