[
    {
        "User": "tola",
        "Day": 1,
        "Exercises": [
            {
                "Exercise": 264,
                "Probability": 0.63,
                "Muscle Group": 6
            },
            {
                "Exercise": 8,
                "Probability": 0.10707875457875458,
                "Muscle Group": 5
            },
            {
                "Exercise": 1935,
                "Probability": 0.08,
                "Muscle Group": 6
            },
            {
                "Exercise": 16,
                "Probability": 0.05855494505494506,
                "Muscle Group": 5
            }
        ]
    },
    {
        "User": "tola",
        "Day": 2,
        "Exercises": [
            {
                "Exercise": 1937,
                "Probability": 0.019999999999999997,
                "Muscle Group": 6
            },
            {
                "Exercise": 269,
                "Probability": 0.02,
                "Muscle Group": 5
            },
            {
                "Exercise": 500,
                "Probability": 0.01576190476190476,
                "Muscle Group": 5
            },
            {
                "Exercise": 107,
                "Probability": 0.011642857142857144,
                "Muscle Group": 5
            }
        ]
    },
    {
        "User": "tola",
        "Day": 3,
        "Exercises": [
            {
                "Exercise": 1230,
                "Probability": 0.01,
                "Muscle Group": 6
            },
            {
                "Exercise": 1616,
                "Probability": 0.01,
                "Muscle Group": 6
            },
            {
                "Exercise": 264,
                "Probability": 0.63,
                "Muscle Group": 6
            },
            {
                "Exercise": 8,
                "Probability": 0.10707875457875458,
                "Muscle Group": 5
            }
        ]
    }
]