[
    {
        "User": "u1",
        "Day": 1,
        "Exercises": [
            {
                "Exercise": 248,
                "Probability": 0.11722222222222221,
                "Muscle Group": 6
            },
            {
                "Exercise": 9,
                "Probability": 0.18055555555555552,
                "Muscle Group": 5
            },
            {
                "Exercise": 271,
                "Probability": 0.13333333333333333,
                "Muscle Group": 5
            },
            {
                "Exercise": 218,
                "Probability": 0.1,
                "Muscle Group": 5
            }
        ]
    },
    {
        "User": "u1",
        "Day": 2,
        "Exercises": [
            {
                "Exercise": 1497,
                "Probability": 0.07888888888888888,
                "Muscle Group": 6
            },
            {
                "Exercise": 147,
                "Probability": 0.1,
                "Muscle Group": 5
            },
            {
                "Exercise": 119,
                "Probability": 0.07055555555555554,
                "Muscle Group": 6
            },
            {
                "Exercise": 264,
                "Probability": 0.06666666666666667,
                "Muscle Group": 6
            }
        ]
    },
    {
        "User": "u1",
        "Day": 3,
        "Exercises": [
            {
                "Exercise": 374,
                "Probability": 0.03333333333333333,
                "Muscle Group": 5
            },
            {
                "Exercise": 1461,
                "Probability": 0.01944444444444444,
                "Muscle Group": 5
            },
            {
                "Exercise": 9,
                "Probability": 0.18055555555555552,
                "Muscle Group": 5
            },
            {
                "Exercise": 271,
                "Probability": 0.13333333333333333,
                "Muscle Group": 5
            }
        ]
    }
]