[
    {
        "User": "u2",
        "Day": 1,
        "Exercises": [
            {
                "Exercise": 935,
                "Probability": 0.13333333333333333,
                "Muscle Group": 4
            },
            {
                "Exercise": 1335,
                "Probability": 0.11388888888888889,
                "Muscle Group": 3
            },
            {
                "Exercise": 963,
                "Probability": 0.1,
                "Muscle Group": 4
            },
            {
                "Exercise": 1458,
                "Probability": 0.09444444444444446,
                "Muscle Group": 4
            }
        ]
    },
    {
        "User": "u2",
        "Day": 2,
        "Exercises": [
            {
                "Exercise": 1457,
                "Probability": 0.07222222222222222,
                "Muscle Group": 4
            },
            {
                "Exercise": 834,
                "Probability": 0.09444444444444443,
                "Muscle Group": 3
            },
            {
                "Exercise": 1541,
                "Probability": 0.09166666666666665,
                "Muscle Group": 3
            },
            {
                "Exercise": 138,
                "Probability": 0.06666666666666667,
                "Muscle Group": 3
            }
        ]
    },
    {
        "User": "u2",
        "Day": 3,
        "Exercises": [
            {
                "Exercise": 917,
                "Probability": 0.03333333333333333,
                "Muscle Group": 4
            },
            {
                "Exercise": 506,
                "Probability": 0.061111111111111116,
                "Muscle Group": 5
            },
            {
                "Exercise": 935,
                "Probability": 0.13333333333333333,
                "Muscle Group": 4
            },
            {
                "Exercise": 1335,
                "Probability": 0.11388888888888889,
                "Muscle Group": 3
            }
        ]
    },
    {
        "User": "u2",
        "Day": 4,
        "Exercises": [
            {
                "Exercise": 935,
                "Probability": 0.13333333333333333,
                "Muscle Group": 4
            },
            {
                "Exercise": 1335,
                "Probability": 0.11388888888888889,
                "Muscle Group": 3
            },
            {
                "Exercise": 963,
                "Probability": 0.1,
                "Muscle Group": 4
            },
            {
                "Exercise": 1458,
                "Probability": 0.09444444444444446,
                "Muscle Group": 4
            }
        ]
    }
]