[
    {
        "User": "u3",
        "Day": 1,
        "Exercises": [
            {
                "Exercise": 511,
                "Probability": 0.10555555555555556,
                "Muscle Group": 6
            },
            {
                "Exercise": 986,
                "Probability": 0.1,
                "Muscle Group": 5
            },
            {
                "Exercise": 335,
                "Probability": 0.1,
                "Muscle Group": 4
            },
            {
                "Exercise": 248,
                "Probability": 0.09801587301587301,
                "Muscle Group": 6
            },
            {
                "Exercise": 1497,
                "Probability": 0.0838095238095238,
                "Muscle Group": 6
            },
            {
                "Exercise": 119,
                "Probability": 0.07928571428571428,
                "Muscle Group": 6
            },
            {
                "Exercise": 1677,
                "Probability": 0.06666666666666667,
                "Muscle Group": 6
            }
        ]
    },
    {
        "User": "u3",
        "Day": 2,
        "Exercises": [
            {
                "Exercise": 265,
                "Probability": 0.06666666666666667,
                "Muscle Group": 6
            },
            {
                "Exercise": 896,
                "Probability": 0.06666666666666667,
                "Muscle Group": 5
            },
            {
                "Exercise": 1491,
                "Probability": 0.03333333333333333,
                "Muscle Group": 6
            },
            {
                "Exercise": 511,
                "Probability": 0.10555555555555556,
                "Muscle Group": 6
            },
            {
                "Exercise": 986,
                "Probability": 0.1,
                "Muscle Group": 5
            },
            {
                "Exercise": 335,
                "Probability": 0.1,
                "Muscle Group": 4
            },
            {
                "Exercise": 248,
                "Probability": 0.09801587301587301,
                "Muscle Group": 6
            }
        ]
    }
]