[
    {
        "User": "ut",
        "Day": 1,
        "Exercises": [
            {
                "Exercise": 218,
                "Probability": 0.23333333333333334,
                "Muscle Group": 5
            },
            {
                "Exercise": 896,
                "Probability": 0.13333333333333333,
                "Muscle Group": 5
            },
            {
                "Exercise": 270,
                "Probability": 0.13333333333333333,
                "Muscle Group": 5
            },
            {
                "Exercise": 22,
                "Probability": 0.1,
                "Muscle Group": 5
            },
            {
                "Exercise": 370,
                "Probability": 0.08333333333333333,
                "Muscle Group": 5
            },
            {
                "Exercise": 987,
                "Probability": 0.03333333333333333,
                "Muscle Group": 5
            },
            {
                "Exercise": 271,
                "Probability": 0.03333333333333333,
                "Muscle Group": 5
            }
        ]
    },
    {
        "User": "ut",
        "Day": 2,
        "Exercises": [
            {
                "Exercise": 32,
                "Probability": 0.03333333333333333,
                "Muscle Group": 5
            },
            {
                "Exercise": 51,
                "Probability": 0.03333333333333333,
                "Muscle Group": 1
            },
            {
                "Exercise": 43,
                "Probability": 0.03333333333333333,
                "Muscle Group": 3
            }
        ]
    },
    {
        "User": "ut",
        "Day": 3,
        "Exercises": []
    }
]