{"45-60 minutes": 0, "75-90 minutes": 1, "45-70 minutes": 2, "30 minutes": 3, "30-45 minutes": 4, "45 minutes": 5, "60-75 minutes": 6, "60-90 minutes": 7, "30-60 minutes": 8, "60 minutes": 9, "15-30 minutes": 10, "25-30 minutes": 11, "35-45 minutes": 12, "20 minutes": 13, "15-60 minutes": 14, "10-20 minutes": 15, "15 minutes": 16, "10-15 minutes": 17, "10 minutes": 18, "25-35 minutes": 20, "40-60 minutes": 21, "45-75 minutes": 22, "20-30 minutes": 23, "90-120 minutes": 24, "20-40 minutes": 25, "20-45 minutes": 26, "15-45 minutes": 27, "50 minutes": 28, "50-75 minutes": 29, "45-120 minutes": 30, "50-70 minutes": 31, "30-40 minutes": 32, "120 minutes": 33, "30-90 minutes": 34, "20-60 minutes": 35, "25-45 minutes": 36}