{"5": 0, "10": 1, "12-15": 2, "10-15": 3, "8-12": 4, "8-10": 5, "10-20": 6, "60 seconds": 7, "20": 8, "12": 9, "20 secs": 10, "15-20": 11, "10-15 Each": 12, "12,10,10,10": 13, "Failure": 14, "10-12": 15, "15": 16, "8": 17, "MAX": 18, "6": 19, "10+ (MAX)": 20, "5-7": 21, "As long as possible": 22, "6-10": 23, "25": 25, "35": 26, "30": 27, "50": 28, "40": 29, "20-30": 30, "15-40": 31, "10, 10, 8 (adding weight)": 32, "15, 12, 8, 8 (adding weight)": 33, "10,10,8,8": 34, "8 on each leg": 35, "10,8,8,8,6 (heavy)": 36, "15 (light)": 37, "10, 10, 8, 6": 38, "12, 10, 8, 6": 39, "10, 10, 8, 8": 40, "12,10,8,6": 41, "8 each leg": 42, "8-12 Each": 43, "8-15": 44, "12,10,10,8": 45, "6 on each leg": 46, "12,12,10,8,8": 47, "20-25": 48, "4 reps, 5 Sec\ufffdTwist, Then 4 More Reps": 49, "20 x 1, 20 x 1/4 Rep": 50, "100": 51, "12, 10, 8, 8, 8": 52, "15, 12, 10": 53, "20, 15, 12, 10, 8": 54, "25, 20, 15, 10": 55, "20, 15, 10, 5, 5": 56, "25, 20, 25, 20": 57, "5 Full, Then 5 Half Rep": 58, "Alternate 4 x 20 Full, 4 x 20 Half Rep": 59, "12, 10, 8": 60, "20, 15, 12, 10": 61, "10 minutes": 62, "20 to Nose, 20 to Forehead, 20 Behind Head": 63, "8 reps, 5 count twist then 4 more": 64, "8, twist 5 count, then 4 more": 65, "28 Method": 66, "28": 67, "30, 20, 10, 5": 68, "25-50": 69, "3": 70, "AMAP": 71, "6-12": 72, "12-20": 73, "20, 15, 10": 74, "failure": 75, "50 per leg": 76, "AMRAP*": 77, "AMRAP": 78, "Lengths": 79, "12, 12, Drop Set": 80, "2 x\ufffd6-8 reps": 81, "2 x 8-10\ufffdreps": 82, "2 x 8-10 reps": 83, "2 x 10-12\ufffdreps": 84, "2 x 10-12 reps": 85, "2 x 10-12\ufffdreps*": 86, "2 x 12-15\ufffdreps": 87, "2 x\ufffd15 reps": 88, "2 x 15 reps": 89, "2 x 6-8 reps": 90, "2 of 6-8 reps": 91, "3-4 x 6-8": 92, "2-3 x 10-12": 93, "1-2 x AMAP": 94, "1-2 x 10-12": 95, "2-3 x 8-10": 96, "2-3 x 12-15": 97, "2-3 x AMAP": 98, "3 to 5": 99, "6 to 12": 100, "Warm up": 101, "10-25": 102, "60 sec": 103, "15-25": 104, "10 Each": 105, "8 Each": 106, "5-8": 107, "Abs": 108, "[10-12 reps,2 x 6-8 reps]": 109, "15,12,10,8": 110, "10, 8, 6": 111, "6 (heavy)": 112, "MAX to failure": 113, "8, 6, 4": 114, "10, 10, 8": 115, "10, 8": 116, "10, 8, 8, 6 (incr weight)": 117, "10, 8, 8, 6 reps (incr weight)": 118, "10, 8, 8": 119, "6 (slow n heavy)": 120, "8, 8, 6": 121, "12 slow": 122, "20, 15, 10 ultra slow": 123, "Warmup": 124, "Light Sets": 125, "3x4-6": 126, "3x4-8": 127, "3x10-15": 128, "3x6-8": 129, "3x8-12": 130, "3x15-20": 131, "4x8-12": 132, "100 total": 133, "12 each leg": 134, "30 Secs": 135, "10, 6, 4": 136, "10,8,6": 137, "12,10,8": 138, "5 minutes": 139, "1, 2, 3, 4+": 140, "30 seconds": 141, "5 each leg": 142, "15 per side": 143, "10 per side": 144, "30-50": 145, "AMAP 60 secs": 146, "10 min***": 147, "30 secs***": 148, "10***": 149, "10, 8, 5": 150, "10, 8, 3": 151, "20, 15": 152, "12, 10": 153, "25, 20": 154, "25, 20, 15": 155, "15, 12": 156, "35, 30": 157, "7, 7, 5, 3": 158, "15, 12, 11, 10": 159, "7, 7, 5, 3, 45, 35": 160, "7, 7, 5, 3, 45, 35, 25, 15": 161, "40, 35": 162, "3x8-10 each leg": 163, "3x10-15 each leg": 164, "3x10-15each leg": 165, "10sec each side": 166, "3x3-5": 167, "3x10-16": 168, "3x12-15": 169, "4xfailure": 170, "3x15": 171, "3xfailure": 172, "4x10-15": 173, "3x10": 174, "Total of 40 reps": 175, "3-4x10": 176, "20 Rest Pause": 177, "Goal 7": 178, "Goal 9": 179, "Goal 11": 180, "15sec": 181, "3 Predetermined Length": 182, "30 or 35": 183, "40, 45 or 50": 184, "35 or 40": 185, "50, 55 or 60": 186, "20 or 25": 187, "25 or 30": 188, "30 or\ufffd35": 189, "6-8": 190, "40yds": 191, "Max": 192, "2-20": 193, "5x AMAP": 194, "3x AMAP": 195, "3x20": 196, "5x10": 197, "3-5 lengths or 3-5x10 each leg": 198, "5x8-12": 199, "3x8-12 each leg": 200, "30 sec": 201, "30, 25, 20, 15, 10": 202, "30, 20, 10": 203, "20, 20, 20": 204, "30, 30, 30": 205, "8, 8, 6, 6": 206, "8 (slow)": 207, "15, 12, 10, 8": 208, "15, 12, 10, 10": 209, "20, 15, 12": 210, "15, 12, 12, 10": 211, "10-20 sec": 212, "1 minute": 213, "10-12 Each": 214, "12-15 Each": 215, "12, 10, 8, 8": 216, "12, 8, 8, 8": 217, "12, 10, 10, 10": 218, "12, 10, 10": 219, "20, 15, 15": 220, "20 seconds": 221, "200m": 222, "20*": 223, "10*": 224, "100*": 225, "7-9": 226, "13-15": 227, "16-20": 228, "Max Reps": 229, "Varies": 230, "5-10": 231, "See instructions": 232, "8, 6, 6, 4": 233, "4-6": 234, "10,8,8,8,6": 235, "10, 8, 6, 4": 236, "6 each leg": 237, "10-12 (each side)": 238, "15 each": 239, "50*": 240, "15 Each": 241, "Distance": 242, "MAX time": 243, "45 seconds": 244, "3 mins": 245, "75": 246, "150": 247, "200": 248, "250": 249, "5 each side": 250, "60 Seconds": 251, "60 Seconds - AMAP": 252, "10 Seconds": 253, "20 Seconds": 254, "30 Seconds": 255, "40 Seconds": 256, "50 Seconds": 257, "1min.": 258, "30secs. (per side)": 259, "Max (per side)": 260, "75secs.": 261, "30secs. (per side), 10 Dips (per side)": 262, "6mins.": 263, "30-60 sec": 264, "30s": 265, "12-20 Each": 266, "Timed Failure": 267, "100 (50 each)": 268, "5 Minutes": 269, "20 yards": 270, "20 sec": 271, "6-8 (4 min rest)": 272, "12 (1 min rest)": 273, "20, 15, 10, 8, 6": 274, "12,10,10": 275, "15,12,12": 276, "10,8,8": 277, "12,10,6": 278, "4x3": 279, "3x8 /Leg": 280, "3x8-10": 281, "4x15": 282, "4x6": 283, "4x10": 284, "3x6-10": 285, "4x5": 286, "4x35yds": 287, "4x6 /Side": 288, "20+": 289, "30 secs": 290, "20 per leg": 291, "10-16": 292, "120 seconds": 293, "25 each leg": 294, "Half your maximum": 295, "30\ufffdseconds": 296, "15-12-10": 297, "2 x 5-8": 298, "2 x 10-15": 299, "4 x 10-20": 300, "2x3 by Rack": 301, "5 x\ufffd10": 302, "2 Lengths": 303, "2 x 8-12": 304, "2 x AMAP": 305, "4x4-8": 306, "4x15-20": 307, "3 x 4-8": 308, "3 x 10-15": 309, "3 x 6-10": 310, "4 x 8-12": 311, "3 x 8-12": 312, "3 x 15-20": 313, "4 x 4-8": 314, "4 x 15-20": 315, "4 x 10-15": 316, "3-5": 317, "3 lengths": 318, "3 x 8-10": 319, "3 x AMAP": 320, "3 x 10": 321, "20-30 sec": 322, "12, 12, 12": 323, "10, 10, 10": 324, "5, 5, 5": 325, "12, 10, 10/10*": 326, "5,7,9": 327, "12,10,8,8": 328, "8 bench/12 flys": 329, "12 flys/MAX pushups": 330, "*see below": 331, "8/20": 332, "5-10/10": 333, "8/10": 334, "See above": 335, "20, 15, 12, 10, 8, 6": 336, "12, 10, 8, 6, 4": 337, "20, 15, 10, 5": 338, "3x10-12": 339, "10, 5, 5, 5*, 3*": 340, "3 w/ misdirection 1/4 rep": 341, "max reps**": 342, "max reps***": 343, "2": 344, "12/12": 345, "5, 5, 5, 3, 3, 3, 2, 2": 346, "-": 347, "100 total reps": 348, "10 on each exercise": 349, "15 pull up / 10 pull down": 350, "MAX, 10, 8, 8": 351, "8, 6, 6, 5": 352, "10, 8, 5, 5, 3": 353, "6 each (pause at top)": 354, "100 ft": 355, "10**": 356, "15, 12, 10*": 357, "4": 358, "50 Total": 359, "20-30 Total": 360, "30-40 Total": 361, "1 Rep Shy of Failure": 362, "Max Reps 30 seconds": 363, "Bodyweight to failure": 364, "Max reps 30 seconds": 365, "15, 10": 366, "21,\ufffd24": 367, "8, 5, 5, 3": 368, "5 each arm": 369, "5/10/20/40": 370, "6 min total": 371, "9": 372, "30-60 secs": 373, "8, 10, 12": 374, "100 Total": 375, "28 method": 376, "6+2": 377, "24": 378, "20 + 20 1/4 reps": 379, "2-5": 380, "6-9": 381, "10-13": 382, "12 each arm": 383, "12, 8, 4, 2": 384, "10, 12, 15, 20": 385, "15, 10, 8, 6-8": 386, "15, 10, 8-10": 387, "15, 12, 10-12": 388, "8/MAX": 389, "8/12": 390, "15 total": 391, "\"21s\"": 392, "1min": 393, "12 Each": 394, "15**": 395, "10, 8, 6, 6": 396, "15 per leg": 397, "1, 2, 3, 4, 5+": 398, "12, 20": 399, "12-10": 400, "1": 401, "15, 12, 10, 8, 10, 15": 402, "8 press / 12 extension": 403, "10 sq, 6 lun, 15 ext": 404, "8 / max, max, max": 405, "3, 5, 8, 10-12": 406, "2 minutes": 407, "20, 10, 5, 5, 5, 3, 3, 3, 1, 1, 1": 408, "8, 8, 8, 6": 409, "100 Reps": 410, "12, 10, 8, 6, 6": 411, "1 Min": 412, "10, 8, 8, 6": 413, "10, 8, 8, 6 adding weight": 414, "10, 8, 8, 6, 4": 415, "12-14": 416, "15 (warm up)": 417, "8-12 (use rest-pause)": 418, "8-12 (drop sets)": 419, "8-12 (rest pause)": 420, "8-12 (double drop sets)": 421, "20 (warm up)": 422, "Failure (double drop sets)": 423, "15 (double drop sets)": 424, "15, 15, 15": 425, "20, 20, 20, 20": 426, "Mechanical Failure": 427, "20 Yards": 428, "60 Secs": 429, "30 Secs Each": 430, "6 Each": 431, "22 Each": 432, "Failure*": 433, "45 Secs": 434, "6-12 Each": 435, "6-12*": 436, "10 each leg": 437, "8, 6, 5, 3, 2": 438, "12, 12, 10, 8": 439, "8, 6, 5, 5, 5": 440, "6-8, 8-12": 441, "6-8, 8-12 Each": 442, "20 reps": 443, "30 reps": 444, "15 reps": 445, "10 reps": 446, "15, 12, 10 Each": 447, "3x5-8": 448, "4x5-8": 449, "3x15-20 & 20-30 sec for planks": 450, "4x10 each leg": 451, "5, 4, 3, 2, MAX": 452, "5, 4, 3, 2 MAX": 453, "10, each leg": 454, "10, each side": 455, "20, each leg": 456, "20, 15, 20": 457, "15, 12, 10, 12, 15": 458, "25, 20, 15, 20, 25": 459, "20, 15, 12, 15, 20": 460, "12, 10, 8, 6, 8, 10, 12": 461, "10, 8, 6, 8, 10": 462, "12, 10, 8, 10, 12": 463, "20, 15, 12, 10, 12, 15, 20": 464, "15, 12, 15": 465, "30, 25, 20, 25, 30": 466, "12, 10, 12": 467, "963 Sets": 468, "5-12": 469, "6-8 Each": 470, "21s": 471, "50 Meters": 472, "8, 6": 473, "5, each side": 474, "7-10": 475, "5 x 6-10": 476, "5 x failure": 477, "4 x 6-10": 478, "15-20 Each": 479, "15, 12, 10, 10, 8": 480, "15, 12, 12, 10, 8": 481, "12, 12, 10, 10": 482, "20 Secs": 483, "15, 12, 12, 10, 8, 6": 484, "12, 12, 10, 8, 6": 485, "20/10 Secs": 486, "8-10 Each": 487, "20 Secs Each": 488, "10,8,8,6": 489, "12,8,8,6": 490, "3 Min": 491, "12, 10, 8, 5, 5": 492, "2-12": 493, "10 each": 494, "25 Each": 495, "10, 9, 8, 7, 6, 5, 4, 3, 2, 1": 496, "1, 2, 3, 4, 5, 6, 7, 8, 9, 10": 497, "7": 498, "15-20 Per Side": 499, "15, 12,\ufffd10, 10, 8": 500, "12-15 each side": 501, "3 x failure": 502, "3 x 20": 503, "2RM": 504, "30 Sec": 505, "90 Sec": 506, "12**": 507, "20 sec holds": 508, "15 each side": 509, "15, each": 510, "20 Each": 511, "12-15 each leg": 512, "15 each leg": 513, "10, 10, 12": 514, "20 each arm": 515, "15-20 each leg": 516, "15-20 each arm": 517, "3x25": 518, "4x20": 519, "3x12": 520, "3x8": 521, "3x15-25": 522, "3xMax": 523, "2-3x15": 524, "2-3x10": 525, "1 min": 526, "8, 5, 3, 5, Failure": 527, "3x 10-15": 528, "3 x 6-12": 529, "3 x 20 Secs": 530, "8, 8, 8, 5, 3": 531, "5 Each": 532, "10 Mins**": 533, "40 Secs": 534, "15 Secs": 535, "90": 536, "80": 537, "70": 538, "30 each leg": 539, "1, 2, 3, 4, 5, 6, 7, 8, 9, 10 (See Instructions)": 540, "2*": 541, "1*": 542}