{"Barbell, Bodyweight, Dumbbells": 0, "Barbell, Bodyweight, Cables, Dumbbells": 1, "Bodyweight, Cables, Dumbbells, Machines": 2, "Barbell, Bodyweight, Cables, Dumbbells, Machines": 3, "Machines": 4, "Barbell, Bodyweight, Cables, Dumbbells, Exercise Ball, Machines": 5, "Barbell, Bodyweight, Dumbbells, EZ Bar, Machines": 6, "Barbell, Cables, Dumbbells, Machines": 7, "Barbell, Bodyweight, Cables, Dumbbells, EZ Bar, Machines": 8, "Barbell, Dumbbells": 9, "Barbell, Bodyweight, Dumbbells, EZ Bar, Machines, Other": 10, "Bands, Barbell, Bodyweight, Dumbbells": 11, "Bodyweight, Cables, Dumbbells, EZ Bar, Machines": 12, "Barbell, Bodyweight, Dumbbells, Machines": 13, "Bodyweight, Dumbbells, Machines": 14, "Bodyweight, Exercise Ball, Kettle Bells, Other": 15, "Barbell, Cables, Dumbbells": 16, "Barbell, Cables, Dumbbells, EZ Bar, Machines": 17, "Barbell, Bodyweight": 18, "Barbell, Bodyweight, Cables, Dumbbells, EZ Bar": 19, "Kettle Bells": 20, "Dumbbells": 21, "Barbell, Dumbbells, Machines": 22, "Bands, Barbell, Bodyweight": 23, "Cables, Dumbbells, Machines": 24, "Cables, Dumbbells, EZ Bar": 25, "Barbell, Bodyweight, Dumbbells, EZ Bar": 26, "Barbell, Bodyweight, Cables, Dumbbells, EZ Bar, Machines, Other": 27, "Barbell, Bodyweight, Dumbbells, Kettle Bells": 28, "Barbell, Dumbbells, EZ Bar, Machines, Other": 29, "Barbell, Bodyweight, Cables, Dumbbells, EZ Bar, Other": 30, "Bodyweight": 31, "Barbell, Bodyweight, Cables, Dumbbells, Machines, Other": 32, "Bodyweight, Kettle Bells": 33, "Bodyweight, Dumbbells": 34, "Barbell, Bodyweight, Kettle Bells, Other": 35, "Bodyweight, Medicine Ball": 36, "Barbell, Bodyweight, Cables, Exercise Ball": 37, "Barbell, Dumbbells, Other": 38, "Bodyweight, Other": 39, "Bands, Bodyweight, Medicine Ball": 40, "Cables, Dumbbells, Other": 41, "Cables, Other": 42, "Other": 43, "Bodyweight, Dumbbells, Exercise Ball, Other": 44, "Bands, Bodyweight, Cables, Dumbbells, Exercise Ball, Machines, Medicine Ball": 45, "Bands, Dumbbells": 46, "Barbell, Bodyweight, Other": 47, "Barbell, Bodyweight, Cables, Dumbbells, Other": 48, "Barbell, Bodyweight, EZ Bar, Machines": 49, "Bands, Barbell, Bodyweight, Cables, Dumbbells, Exercise Ball, Foam Roll, Other": 50, "Bands, Bodyweight": 51, "Barbell, Bodyweight, Cables": 52, "Barbell, Machines": 53, "Barbell, Bodyweight, Dumbbells, Medicine Ball, Other": 54, "Dumbbells, Machines": 55, "Barbell, Bodyweight, Cables, Dumbbells, Exercise Ball": 56, "Barbell, Cables, Dumbbells, EZ Bar": 57, "Cables, Dumbbells": 58, "Barbell, Dumbbells, EZ Bar": 59, "Dumbbells, Machines, Other": 60, "Bands, Barbell, Bodyweight, Cables, Dumbbells, EZ Bar, Other": 61, "Bodyweight, Dumbbells, EZ Bar": 62, "Bands, Barbell, Bodyweight, Cables, Dumbbells": 63, "Barbell, Dumbbells, EZ Bar, Other": 64, "Bands, Barbell, Cables, Dumbbells": 65, "Bands, Barbell, Dumbbells": 66, "Barbell, Bodyweight, Machines": 67, "Bands, Barbell, Dumbbells, Machines": 68, "Barbell, Dumbbells, Machines, Other": 69, "Barbell, Machines, Other": 70, "Barbell, Bodyweight, Machines, Other": 71, "Bands, Barbell, Bodyweight, Cables, Other": 72, "Barbell, Bodyweight, Cables, Dumbbells, Kettle Bells": 73, "Bands, Barbell, Bodyweight, Cables, Dumbbells, Exercise Ball, Machines": 74, "Bands, Barbell, Bodyweight, Dumbbells, Machines, Other": 75, "Barbell, Bodyweight, Cables, Dumbbells, Exercise Ball, Machines, Other": 76, "Barbell, Bodyweight, Dumbbells, Foam Roll": 77, "Barbell, Cables, Dumbbells, Machines, Other": 78, "Barbell, Cables, Machines, Other": 79, "Barbell, Bodyweight, Cables, Dumbbells, EZ Bar, Medicine Ball": 80, "Bands, Barbell, Bodyweight, Cables, Dumbbells, Machines, Other": 81, "Barbell, Bodyweight, Cables, Dumbbells, Kettle Bells, Other": 82, "Bands, Barbell, Bodyweight, Cables, Dumbbells, Machines": 83, "Bands, Bodyweight, Dumbbells": 84, "Barbell, Bodyweight, Dumbbells, Other": 85, "Barbell, Bodyweight, Dumbbells, Machines, Other": 86, "Barbell, Bodyweight, Dumbbells, Kettle Bells, Medicine Ball": 87, "Barbell, Bodyweight, Cables, Dumbbells, EZ Bar, Kettle Bells, Medicine Ball": 88, "Bodyweight, Dumbbells, Exercise Ball": 89, "Bodyweight, Dumbbells, Kettle Bells, Other": 90}