{"Squats ": 0, "Bench Press ": 1, "Barbell Row ": 2, "Upright Row": 3, "Skullcrushers": 4, "Dumbbell Curls": 5, "Leg Curls": 6, "Ab Wheel Roll Out": 7, "Deadlifts": 8, "Romanian Deadlift": 9, "Seated Overhead Press": 10, "Pull Ups or Inverted Rows": 11, "Dips": 12, "Barbell Shrugs": 13, "Standing or Seated Calf Raise": 14, "Plank": 15, "Squats": 16, "Incline Dumbbell Bench Press": 17, "One Arm Dumbbell Row": 18, "Seated Arnold Press": 19, "Cable Tricep Extensions": 20, "Barbell Curls": 21, "Squat": 22, "Dumbbell Bench": 23, "Dumbbell Row": 24, "Seated Dumbbell Press": 25, "Lunge": 26, "Dumbbell Curl": 27, "Standing Barbell Tricep Extension": 28, "Calf Raise": 29, "Bench Press": 30, "Machine Pec Deck": 31, "Leg Extension": 32, "Leg Curl": 33, "Pullup": 34, "Seated Lateral Raise": 35, "Dumbbell Hammer Curls": 36, "Rope Extension": 37, "Deadlift": 38, "Incline Dumbbell Press": 39, "Lateral Raise": 40, "Pulldown": 41, "Leg Press": 42, "EZ Bar Curl": 43, "Dumbbell Shrugs": 44, "Goblet Squat": 45, "Lying Leg Curl": 46, "Standing Calf Raise": 47, "Lat Pull Down": 48, "Dumbbell Stiff Leg Deadlift": 49, "Seated Cable Row": 50, "Dumbbell Bench Press": 51, "Skullcrusher": 52, "Walking Lunge": 53, "Smith Machine Row": 54, "Cable Face Pull": 55, "Push Up": 56, "Close Grip Push Up": 57, "Cable Curl": 58, "Incline Bench Press": 59, "Tricep Dip": 60, "Lying Tricep Extension": 61, "Wide Grip Pull Up": 62, "Seated Row": 63, "Standing Barbell Curl": 64, "45 Degree Leg Press": 65, "Military Press": 66, "Dumbbell Lateral Raise": 67, "Hammer Strength Machine Bench Press": 68, "Machine Incline Press": 69, "Pec Deck Fly": 70, "Machine Shoulder Press": 71, "Machine Lateral Raise": 72, "Tricep Rope Pushdown": 73, "Lat Pulldown": 74, "Cable Row": 75, "Machine Preacher Curl": 76, "Cable Hammer Curls": 77, "Hack Squat": 78, "Machine Glute Kickbacks": 79, "Calf Raises": 80, "Barbell Front Raise": 81, "Dumbbell Reverse Fly": 82, "Decline Sit Ups": 83, "Preacher Curls": 84, "Close Grip Bench Press": 85, "Lying Tricep Extension (skullcrusher)": 86, "Barbell Wrist Curl": 87, "Hanging Leg Raise": 88, "Seated calf Raise": 89, "45 Degree Calf Press": 90, "Hover": 91, "Decline Abdominal Reach": 92, "Barbell Bench Press": 93, "Chest Dip": 94, "Dumbbell Flys": 95, "Exercise Ball Crunch": 96, "Deadlift ": 97, "Barbell Row": 98, "Standing Dumbbell Curl": 99, "EZ Bar Preacher Curl": 100, "Seated Barbell Wrist Curl": 101, "Barbell Shrug": 102, "Hammer Strength Bench": 103, "Bent Over Reverse Fly": 104, "Seated Dumbbell Extension": 105, "Squat ": 106, "Stiff Leg Deadlift": 107, "Seated Calf Raise": 108, "Seated Cable Rows": 109, "Bent Over Barbell Row": 110, "Seated Alternate Dumbbell Curl": 111, "Hammer Curls": 112, "Seated Cable Curl": 113, "Flat Bench Press": 114, "Dumbbell Press": 115, "Dumbbell Shrug": 116, "Tricep Pushdown": 117, "Barbell Curl": 118, "Back Extension": 119, "Crunches": 120, "Flat Dumbbell Press": 121, "Single Arm Dumbbell Row": 122, "Smith Machine Squats": 123, "One Arm Dumbbell Extension": 124, "Tricep Extension": 125, "Straight Arm Lat Pull Down": 126, "Preacher Curl": 127, "Incline Dumbbell Curl": 128, "Dumbbell Lunge": 129, "Incline Dumbbell Flyes": 130, "Cable Crossovers": 131, "Overhead Rope Extensions": 132, "Reverse Pushdowns": 133, "Leg Extensions": 134, "Smith Machine Calf Raises": 135, "Dumbbell Lateral Raises": 136, "Bent Over Reverse Crossovers": 137, "Lying Dumbbell Extension": 138, "Tricep Kickback": 139, "One Arm Cable Lateral Raise": 140, "Bent Over Row": 141, "Smith Machine Upright Row": 142, "Concentration Curl": 143, "Reverse Barbell Curl": 144, "Deep Squats": 145, "Stiff Legged Deadlifts": 146, "Dumbbell Lunges": 147, "Lying Floor Leg Raise With Crunch": 148, "Wide Grip Pullup": 149, "Chin Ups": 150, "Bent Over Barbell Rows": 151, "Cable row": 152, "Alternate Arm Seated Dumbbell Press": 153, "Shrugs": 154, "Upright rows": 155, "Bicycle Floor Ab Crunch": 156, "Incline Smith Machine Bench Press": 157, "Cable Overhead Tricep Extension": 158, "Pull Up": 159, "Inverted Row": 160, "Smith Machine Front Squat": 161, "Bodyweight Hip Thrust": 162, "Standing Dumbbell Press": 163, "Lateral Raise Machine": 164, "Push Ups": 165, "Lying Dumbbell Tricep Extensions": 166, "Dumbbell Rear Lunge": 167, "Seated Leg Curl": 168, "Dumbbell Deadlift": 169, "Glute Hyperextension": 170, "Leg Press Calf Press": 171, "Chest Dips or bench dip": 172, "Deep Push ups (with hands on dumbbells)": 173, "Standing Calf Raise (holding dumbbell)": 174, "Barbell Bicep Curl": 175, "French Press": 176, "Dumbbell Incline Bench Press": 177, "Machine Chest Press": 178, "Cable Fly": 179, "Machine Chest Fly": 180, "Pull Ups": 181, "Close Grip Pull Down": 182, "Glute Focused Hyperextension": 183, "Machine Reverse Fly": 184, "Smith Machine Shrug": 185, "Lying Dumbbell Tricep Extension": 186, "Cable Hammer Curl": 187, "Standing Cable Overhead Extension": 188, "Wide Grip Pull Ups": 189, "Dumbbell Pullover": 190, "Barbell Lunge": 191, "Weighted Calf Raise": 192, "Ab Wheel": 193, "Arnold Barbell Cheat Curls": 194, "Incline French Press": 195, "Straight Bar Cable Extension": 196, "Bench Dip": 197, "Chin Up": 198, "Wide Grip Lat Pull Down": 199, "Dumbbell Flye w/4 count stretch at the bottom": 200, "Scott Preacher Curls ": 201, "Machine Curls ": 202, "Rope Tricep Extensions": 203, "Bench Dips": 204, "Overhead Dumbbell Press": 205, "Ab Wheel Rollouts": 206, "Dumbbell Bench Press ": 207, "Incline Dumbbell Bench Press ": 208, "Dumbbell Flye ": 209, "Cable Crossover ": 210, "Dumbbell Flye": 211, "Wide Grip Pull Ups ": 212, "Dumbbell Pullover ": 213, "Seated Cable Rows ": 214, "Lat Pull Down ": 215, "T-Bar Row ": 216, "Stiff Arm Cable Crossover": 217, "Walking Lunges": 218, "Hammer Curl": 219, "3 Way Skullcrushers": 220, "Close Grip Preacher Bench": 221, "Arnold Press": 222, "Front Dumbbell Raise": 223, "Wide Grip Pull Up ": 224, "Chin Up ": 225, "Incline Bench Press ": 226, "T-Bar Row": 227, "Cable Crossover": 228, "Cable Tricep Extension": 229, "Heavy Deep Squat": 230, "Leg Extension ": 231, "Seated Calf Raise ": 232, "Pull Up ": 233, "Hammer Strength Bench Press": 234, "Weighted Chin Up": 235, "Incline Dumbbell Curls": 236, "Tricep Band Pressdown": 237, "Dumbbell Flye (4 second stretch)": 238, "Incline Bench Skullcrushers": 239, "Barbell Rollouts": 240, "Cable Crunches": 241, "Weighted Crunches": 242, "T-Bar or Bent Over Rows": 243, "Weighted Wide Grip Pull Up": 244, "Arnold Barbell Cheat Curl": 245, "Hanging Knee Raise": 246, "Sissy Squat": 247, "Back Extensions": 248, "Decline Sit Up": 249, "Cable Crunch": 250, "Bent Over Dumbbell Reverse Flyes": 251, "Weighted Crunch": 252, "Decline Dumbbell Fly": 253, "Incline Dumbbell Fly": 254, "Flat Bench Dumbbell Fly": 255, "Feet-Elevated Push Ups": 256, "Single Dumbbell Front Raise": 257, "Seated Dumbbell Lateral Raise": 258, "Standing Band Lateral Raise": 259, "Skull Crushers": 260, "Dumbbell Kickbacks": 261, "Seated Two-Arm Overhead Extension": 262, "Good Morning": 263, "Barbell Hip Thrust": 264, "X-Band Walk": 265, "Exercise Ball Leg Curl": 266, "Dumbbell Hamstring Curl": 267, "Dumbbell Walking Lunge": 268, "Barbell Squat": 269, "Zercher Squat (Sumo Stance)": 270, "Seated Barbell Calf Raise": 271, "Reverse Grip Pull Up": 272, "Dumbbell Rows on Bench": 273, "Reverse Grip Barbell Row": 274, "Bent Over Rear Lateral Raise": 275, "Band Face Pulls": 276, "Rear Delt Barbell Row": 277, "Band Reverse Fly": 278, "Dumbbell Shrug (Seated)": 279, "Barbell Preacher Curl": 280, "Barbell Reverse Wrist Curl": 281, "Barbell Reverse Curl": 282, "Machine Tricep Dip": 283, "Machine Pull Up": 284, "Pendlay Rows": 285, "One Arm Dumbbell Rows": 286, "Pull Ups or Inverted Rows ": 287, "Lat Pull Downs": 288, "Dumbbell Flye or Pec Dec": 289, "Hack Squat or Dumbbell Lunges": 290, "Leg Extensions or Leg Press": 291, "Upright Row or Seated Dumbbell Press": 292, "Side Lateral Raise Superset with Bent Over Reverse Flye": 293, "Neutral Grip Lat Pull Down": 294, "Two Arm Overhead Extension": 295, "Rope Pushdown": 296, "Hyperextensions": 297, "Stiff Legged Deadlift": 298, "Dumbbell Flat Press": 299, "Dumbbell Incline Press": 300, "Dumbbell Fly": 301, "Close Grip Pushup": 302, "Goblet Squats": 303, "Dumbbell Stiff Legged Deadlifts": 304, "Dumbbell Split Squats": 305, "Dumbbell Step Ups": 306, " Bodyweight Walking Lunge": 307, "Bodyweight Squats": 308, "Seated Dumbbell Calf Raise": 309, "Bent Over Dumbbell Row": 310, "Dumbbell Pullovers": 311, "Incline Dumbbell Row": 312, "Seated Dumbbell Side Lateral Raise": 313, "Seated Dumbbell Shoulder Press": 314, "Lying Tricep Dumbbell Extensions": 315, "Dumbbell Tricep Kickback": 316, "Seated Single Arm Overhead Extension": 317, "Concentration Curls": 318, "Lying Leg Lift": 319, "Air Bicycle": 320, "Planks": 321, "Push-ups": 322, "Inverted Rows": 323, "Diamond (hands close) Push-ups": 324, "Deep Squats w/ a 3-second pause at the bottom": 325, "Single Leg Calf Raises": 326, "Stationary Lunges": 327, "Lying Leg Raises": 328, "Floor Crunches": 329, "Medium-Width Grip Pull-ups": 330, "Feet Elevated Push-Ups": 331, "Rear Foot Elevated Bulgarian Split Squats": 332, "Feet Elevated Diamond Push-ups": 333, "Jump Squats": 334, "Hanging Leg Raises": 335, " Medium- or Wide-Grip Pull-ups": 336, " Feet Elevated Push-Ups": 337, " Reverse-Grip Chin-ups": 338, "Parallel Bar or Bench Dips": 339, " Rear Foot Elevated Bulgarian Split Squats": 340, " Single Leg Calf Raises or Squat Calf Raises": 341, " Bicycle Crunches": 342, " Lying Leg Raises": 343, "Medium- or Wide-Grip Pull-ups": 344, "Reverse-Grip Chin-ups": 345, " Parallel Bar or Bench Dips": 346, "Single Leg Calf Raises or Squat Calf Raises": 347, "Bicycle Crunches": 348, "Weighted Medium-Grip Pull-ups": 349, "Feet Elevated Push-Ups with Bands": 350, "Weighted Rear Foot Elevated Bulgarian Split Squats": 351, " Weighted Single Leg Calf Raises": 352, "Kettlebell Sumo Squats": 353, "Incline Barbell Bench Press": 354, "Dumbbell Floor Press": 355, "Overhead Tricep Extension": 356, "Dumbbell Kickback": 357, "Front Raise": 358, "Band Pull Apart": 359, "Stiff-Leg Deadlift": 360, "Bent-Over Barbell Row": 361, "Pullover": 362, "One Arm Row": 363, "Seated Hammer Curl": 364, "Seated Barbell Press": 365, "Single Arm Lateral Raise": 366, "Rear Lateral Raise": 367, "Hanging Leg Raise*": 368, "Weighted Crunch on Decline Bench": 369, "Front Squat": 370, "Frog Squat": 371, "Single Leg Extension": 372, "Single Leg Curl (any version)": 373, "Standing Barbell Calf Raise": 374, "Flat Barbell Bench Press": 375, "Floor Dumbbell Fly": 376, "Single Tricep Pressdown": 377, "Dumbbell Bench Press or Hammer Bench Press": 378, "Incline Dumbbell Flye or Pec Dec": 379, "Lat Pull Down or Pull Ups": 380, "Straight Arm Pull Down": 381, "Dumbbell or Barbell Shrugs": 382, "Stiff Leg Deadlifts": 383, "Seated or Leg Press Calf Raise": 384, "Seated Dumbbell Press or Hammer Overhead Press": 385, "Bent Over Reverse Flyes": 386, "Close Grip Bench Press or Skullcrushers": 387, "Cable Tricep Extensions or Seated Dumbbell Extensions": 388, "Standing Dumbbell Curls": 389, "EZ Bar Preacher Curls": 390, "Leg curl": 391, "Smith Machine Standing Calf Raise": 392, "Reverse Grip Pulldown": 393, "Tricep Dips": 394, "Step Back Lunge": 395, "Lying Tricep Extensions": 396, "Barbell Calf Raise": 397, "Barbell Ab Roll Outs": 398, "Yates Row": 399, "Push Press": 400, "Seated French Press": 401, "Wide Stance Good Mornings": 402, "Barbell Calf Raises": 403, "Weighted Barbell Sit Ups": 404, "Barbell Rows": 405, "Reverse Grip Barbell Curls": 406, "Pec Dec ": 407, "Seated Cable Row ": 408, "Power Barbell Shrug": 409, "Dumbbell Shrug ": 410, "Leg Press ": 411, "Leg Curl ": 412, "Leg Press Calf Raise ": 413, "Weighted Decline Sit Ups": 414, "Cable Crunch ": 415, "Seated Arnold Press- Muscle": 416, "Dumbbell Lateral Raise ": 417, "Pinwheel Curl": 418, "Cable Tricep Extension ": 419, "Cable Preacher Curl ": 420, "Bench Presses (2 x warmup sets)": 421, "Bench Presses": 422, "Incline Dumbbell Bench Presses": 423, "Incline Flys": 424, "Leg Presses": 425, "Pullups": 426, "One-Arm Dumbbell Row": 427, "Bent Over Dumbbell Laterals": 428, "Cable Pushdowns (\"V\" Bar)": 429, "Close-Grip Bench Presses": 430, "Overhead Dumbbell Extensions": 431, "Seated Calf Raises": 432, "Sit Ups": 433, "Pull Ups or Lat Pull Down": 434, "Bent Over Reverse Dumbbell Fly": 435, "Dumbbell Side Bends": 436, "Standing Calf Raises": 437, "Decline Weighted Sit Up": 438, "Dips or Cable Extensions": 439, "EZ Bar Curls": 440, "Seated Dumbbell Curls": 441, "Hammer Strength Chest Press": 442, "Pec Dec": 443, "One ArmMachine Row": 444, "One Arm Seated Cable Row": 445, "Behind The Neck Smith Press": 446, "Bent Over Reverse Flye": 447, "Front Plate Raise": 448, "StiffLeg Deadlift": 449, "Seated Dumbbell Curl": 450, "Kettlebell Shoulder Press": 451, "Kettlebell Side Raise": 452, "Kettlebell Chest Press": 453, "Kettlebell Row": 454, "Kettlebell Sumo Deadlift": 455, "Kettlebell RDL": 456, "Kettlebell Reverse Lunge": 457, "Kettlebell Swing": 458, "Kettlebell Deficit Push Up": 459, "Kettlebell Halo": 460, "Kettlebell Single Leg Deadlift": 461, "Kettlebell Step Up": 462, "Machine Row": 463, "Smith Machine Overhead Press": 464, "Pull Ups or Lat PullDown": 465, "Lying Extensions": 466, "Overhead Extensions": 467, "Pushdowns": 468, "Knee Ups": 469, "Full Range Crunches": 470, "Sissy Squats": 471, "Stiff-legged Deadlifts": 472, "Leg Press Calf Raise": 473, "Pull Downs": 474, "Pullovers": 475, "Bent-over Rows (or Machine)": 476, "Bent-Arm Bent-Over Laterals": 477, "Upright Rows": 478, "Lateral Raises": 479, "Incline Curls": 480, "Side Lateral Raise": 481, "Lying Triceps Extension": 482, "Rope Cable Curls": 483, "Close Grip Push Ups": 484, "V-Bar Pull Downs": 485, "Tate Press": 486, "Machine Curls": 487, "Dumbbell Tricep Extensions": 488, "Weighted Chin Ups (Palms towards face)": 489, "Scott Preacher Curls": 490, "Hammer Strength Chest Press\"": 491, "Cable Crunch\"": 492, " Dumbbell Fly": 493, "Bodyweight Walking Lunge": 494, " Weighted Medium-Grip Pull-ups": 495, " Feet Elevated Push-Ups with Bands": 496, " Weighted Rear Foot Elevated Bulgarian Split Squats": 497, " Kettlebell Sumo Squats": 498, "Single Leg Curl": 499, "Stiff-Leg Deadlifts": 500, "Single Leg Curls": 501, "Cable Pushdowns (\"\"V\"\" Bar)": 502, "Dumbbell Squat": 503, "Dumbbell Stiff Legged Deadlift": 504, "Dumbbell Military Press": 505, "Dumbbell Step Up": 506, "Reverse Grip Dumbbell Press": 507, "Dumbbell Rear Delt Fly": 508, "Zottman Curl": 509, "Close Grip Dumbbell Press": 510, "Hyperextension": 511, "Incline Dumbbell Flys": 512, "Incline T-Bar Row": 513, "Seated Upright Row Machine": 514, "Hammer Strength Pull Down": 515, "Seated Low Cable Row": 516, "Rear Delts On Pec Dec": 517, "Bent Over Dumbbell Rear Laterals": 518, "Dumbbell Bench Press (Drop set on last set)": 519, "Hammer Strength Incline Bench Press": 520, "Weighted Dips w/Chains": 521, "CableCrossover": 522, "Tricep Pushdowns": 523, "Rope Triceps Pushdown": 524, "Side Lateral": 525, "Dumbbell Front Raise": 526, "Incline Bench Barbell Press": 527, "Flat Bench Dumbbell Press": 528, "Medium or Wide-Grip Pull-Up ": 529, "Barbell or Two-Arm Dumbbell Row": 530, "Standing Barbell Military Press": 531, "Dumbbell Upright Row": 532, "Floor Crunch": 533, "Close-Grip Bench Press": 534, "Dumbbell Stiff LegDeadlift": 535, "Incline Bench Dumbbell Press": 536, "Flat Bench Barbell or Machine Press": 537, "Machine Row or Close-Grip Pulldown": 538, "Seated Dumbbell Side Lateral": 539, "Hanging Knee-Ups": 540, "Incline Bench Dumbbell Curl": 541, "Lying Two-Arm Dumbbell Nosebreaker": 542, "Bulgarian Split Squat": 543, "Barbell Squat or Leg Press": 544, "Lying or Seated Leg Curl": 545, "Alternating Front & Back Shoulder Barbell Press": 546, "Band Lateral Raise": 547, "Band Pull-Apart": 548, "Band Fly": 549, "Lying Barbell Tricep Extension": 550, "Band Pushup": 551, "Barbell Pullover": 552, "Band Bent-Over Row": 553, "Band Pulldown": 554, "Close-Grip Barbell Curl": 555, "Wide-Grip Barbell Curl": 556, "Band Single Arm Curl": 557, "Band Shrug": 558, "Pistol Squat": 559, "Banded Good Morning": 560, "Deficit Stiff-Leg Deadlift": 561, "Barbell Walking Lunge": 562, "Crunch": 563, "Lying Leg Raise": 564, "Cable Lateral Raises": 565, "Cable Tricep Pushdown": 566, "Overhead Extension": 567, "Cable Front Raises": 568, "Barbell Overhead Press": 569, "Barbell Wide Grip Upright Row": 570, "Narrow Grip Lat Pull Down": 571, "Machine Rear Delt Fly": 572, "Cable Straight Arm Pull Down": 573, "Russian Twist": 574, "Incline Push Ups": 575, "Decline Push Ups": 576, "Dumbbell Pull Over": 577, "Barbell Back Squat": 578, "Barbell Front Squat": 579, "Seated Calf Press": 580, "Seated Leg Extension": 581, "Reverse Lunge": 582, "Barbell Straight Leg Deadlift": 583, "Hip Abduction Machine": 584, "Hip Adduction": 585, "Lying Leg Press": 586, "Tricep Pressdown": 587, "Assisted Pull Up": 588, "Prone Dumbbell Incline Curl": 589, "Alternating Hammer Curl": 590, "Flat Dumbbell Fly": 591, "Standing Calf Raise (one leg)": 592, "Underhand Barbell Row": 593, "Wide Grip Lat Pulldown (or, Wide Grip Pullup)": 594, "Barbell Shoulder Press": 595, "Behind-the-back Shrug": 596, "Rope Triceps Extension": 597, "Close Grip EZ-Bar Curl": 598, "Wide Grip EZ-Bar Curl": 599, "Close Grip Triceps Press (elbows wide)": 600, "Seated Triceps Kickbacks": 601, "Neutral Grip Overhead Press": 602, "Rope Cable Curl": 603, "Overhead Rope Triceps Extension": 604, "Rope Tricep Extension": 605, "LegPress": 606, "Hack Squats": 607, "Smith Machine Bench Press": 608, "Bent Over Rear Laterals": 609, "Reverse Hack Squats": 610, "Good Mornings": 611, "Two Arm Dumbbell Preacher Curls": 612, "Superset- Close Grip Bench Press": 613, "Seated Two Arm Dumbbell Extension": 614, "Cable Curls": 615, "Pec Dec or Dumbbell Flye": 616, "Weighted Sit Ups": 617, "Dumbbell Side Laterals": 618, "Front Squats": 619, "Back Squats": 620, "Walking Barbell Lunge": 621, "Paused Squats": 622, "Chest Dips": 623, "3 Second PauseBench Press": 624, "High Inverted Row": 625, "Barbell Split Jump": 626, "Rocking Standing Calf Raise": 627, "Bodyweight Calf Raise": 628, "Seated Barbell Press Behind The Neck": 629, "Barbell Skullcrusher": 630, "Decline Smith Presses": 631, "Flat Dumbbell Presses": 632, "Seated Dumbbell Presses": 633, "Seated Dumbbell Side Laterals": 634, "Leg Curl Machine": 635, "Pull-ups": 636, "Dead Lifts": 637, "Dumbbell Rows": 638, "Bent Over Rear Delt Cable Fly": 639, "Seated Dumbbell Shrugs": 640, "Dumbbell Drag Curls": 641, "Incline Hammer Curls": 642, "Close-Grip Benches": 643, "Tricep Press Downs": 644, "Double Arm Kickbacks": 645, "Donkey Calf Raises": 646, "PecDec": 647, "Dumbbell Skullcrushers": 648, "Ab Crunch": 649, "Side Crunch": 650, "Hamstring Curls": 651, "Tricep Overhead Extension": 652, "Decline Chest Flyor Cable Crossover": 653, "Incline Chest Fly": 654, "Decline Chest Press or Push Up": 655, "Barbell Close Grip Upright Row": 656, "Machine Seated Lateral Raise": 657, "Two-Arm Cable Lateral Raise": 658, "Machine Tricep Extension": 659, "Straight Bar Tricep Pushdown": 660, "Two-Arm Overhead Dumbbell Extension": 661, "Seated Dip Machine or Regular Dips": 662, "90-Degree Hyperextension": 663, "Stiff-LegDeadlift": 664, "Reverse Hyperextension": 665, "Hip Thrust": 666, "Vertical Leg Press": 667, "Donkey Calf Raise": 668, "Wide Grip Pull Ups (Or Pulldowns if Needed)": 669, "Behind the Neck Lat Pulldown": 670, "Pullover Machine (Or Dumbbell Pullover)": 671, "Seated High Cable Row": 672, "Reverse Pec-Deck": 673, "Dumbbell Bent-Over Lateral Raise": 674, "Standing High Pull": 675, "Seated Shrugs": 676, "Machine BicepCurl": 677, "Wrist Curl": 678, "Reverse Wrist Curl": 679, "Cable Rope Crunch": 680, "Reverse Crunch": 681, "Dumbbell Side Bend": 682, "High Rack Pull & Power Shrug Combo": 683, "Peak Contraction Dumbbell Shrugs": 684, "Overhead Barbell Shoulder Shrug": 685, "Farmer's Walks": 686, "Standing Alternating Dumbbell Curls": 687, "Standing Dumbbell Curls (at the same time)": 688, "Barbell Preacher Curls [mini exercise].Neither heavy or light weight will be used for these sets, simply a challenging amount. Add 10lbs for last 2 sets.": 689, "Hammer Cable Curls w/ Rope Attachment [mini exercise].Semi-heavy weight will be used for these sets; add 10lbs for last 2 sets.": 690, "Single Arm Machine Bicep Curls [mini exercise].Semi-heavy weight will be used for these sets; add 10lbs for last 2 sets.": 691, "Reverse Straight Bar Curls [mini exercise].A challenging amount of weight will be used for these sets; add 10lbs for last 2 sets.": 692, "Reverse Single Arm Dumbbell Curls on preacher pad [mini exercise].Light weight will be used for these sets.": 693, "Lying Tricep Extensions [giant exercise].Semi-heavy weight will be used for these sets; add 5lbs for last 2 sets.": 694, "Single Arm Dumbbell Kickbacks [giant exercise]. A challenging amount of weight will be used for these sets.": 695, "Diamond Pushups [mini exercise]": 696, "Back Squats [giant exercise]. 1 set of 7 reps (75% of your max), 1 set of 7 reps (80% of your max), 1 set of 5 reps (85% of your max), 1 set of 3 reps (90% of your max) / Narrow stance.": 697, "Squats: 1 set of 15 reps (Divide 90% of your max by 2 and add 7lbs, round if need to), 1 set of 12 reps (Add 15lbs from previous set), 1 set of 11 reps (Add 10lbs from previous set), 1 set of 10 reps (Add 15lbs from previous set).": 698, "Angled Leg Press (narrow stance) [giant exercise]. A challenging amount of weight will be used for these sets.": 699, "Single Leg Press [mini exercise]. A challenging amount of weight will be used for these sets.": 700, "Quad Curls (or leg extensions to some) [giant exercise]. A challenging amount of weight will be used for these sets; add 5lbs for last 2 sets.": 701, "Hamstring Curls [mini exercise]. Light weight will be used for these sets; add 10lbs for last 2 sets.": 702, "Single Standing Leg Hamstring Curls [mini exercise]. A challenging amount of weight will be used for these sets; add 10lbs for last 2 sets.": 703, "Calf Raises superset with Bodyweight Calf Raises [mini exercise]. A challenging amount of weight will be used for these sets.": 704, "Calf Raises on leg press machine [mini exercise]. A challenging amount of weight will be used for these sets; add 10lbs for last 2 sets.": 705, "Rack Pulls or Deadlifts (personal preference) [giant exercise]. 1 set of 7 reps (75% of your max), 1 set of 7 reps (80% of your max), 1 set of 5 reps (85% of your max), 1 set of 3 reps (90% of your max), 1 set of 45 reps (30% of your max), 1 set of 35 reps (35% of your max), 1 set of 25 reps (40% of your max), 1 set of 15 reps (45% of your max).": 706, "One Arm Dumbbell Row [giant exercise]. Semi-heavy weight will be used for these sets; add 10lbs for last 2 sets.": 707, "Wide Grip Lat Pulldowns [mini exercise]. Heavy weight will be used for these sets; add 10lbs for last 2 sets.": 708, "Reverse Grip Lat Pulldowns [mini exercise]. Semi-heavy weight will be used for these sets; add 10lbs for last 2 sets.": 709, "Seated Cable Rows [giant exercise]. Semi-heavy weight will be used for these sets; add 10lbs for last 2 sets.": 710, "Seated Cable Rows w/ Lat Pulldown attachment [mini exercise]. Semi-heavy weight will be used for these sets; add 10lbs for last 2 sets.": 711, "Barbell Bench Press or Dumbbell Bench Press (personal preference) [giant exercise]. 1 set of 7 reps (75% of your max), 1 set of 7 reps (80% of your max), 1 set of 5 reps (85% of your max), 1 set of 3 reps (90% of your max), 1 set of 45 reps (30% of your max), 1 set of 35 reps (35% of your max), 1 set of 25 reps (40% of your max), 1 set of 15 reps (45% of your max).": 712, "Incline Barbell Bench Press or Incline Dumbbell Bench Press (personal preference) [giant exercise]. A challenging amount of weight will be used for these sets; add 5lbs for last 2 sets.": 713, "Chest Press Machine (2 diff. grips used per set, overhand top grip then neutral middle grip) [mini exercise]. A challenging amount of weight will be used for these sets; add 10lbs for last 2 sets.": 714, "One Arm Chest Flies on either machine or using dumbbell on an incline (personal preference) [mini exercise]. A challenging amount of weight will be used for these sets; add 5lbs for last 2 sets.": 715, "Single Arm Seated Overhead Dumbbell Presses [mini exercise]. A challenging amount of weight will be used for these sets; add 5lbs for last 2 sets.": 716, "Standing Alternating Front Dumbbell Raises [mini exercise]. Semi-light weight will be used for these sets; add 5lbs for last 2 sets.": 717, "Dumbbell Side Lateral Raises [mini exercise]. A challenging amount of weight will be used for these sets; add 5lbs for last 2 sets.": 718, "Dumbbell T Raises [mini exercise]. Semi-light weight will be used for these sets; add 5lbs for last 2 sets.": 719, "Cable Side Lateral Raises [mini exercise]. A challenging amount of weight will be used for these sets.": 720, "Dumbbell Shrugs [mini exercise]. Heavy weight will be used for these sets.": 721, "Dumbbell Bulgarian Split Squat": 722, "Single Leg Calf Raise": 723, "Bent-over Dumbbell Row": 724, "3-way Plank": 725, "Hang Clean and Press": 726, "Pushups": 727, "Dumbbell step-up": 728, "Flat Bench Barbell Press": 729, "Pull-up or Inverted Row": 730, "Barbell or Dumbbell Stiff Leg Deadlift": 731, "Bicycle Crunch": 732, "Feet Elevated Pushup": 733, "Medium Grip Pullup": 734, "3-way Crunch": 735, "Jump Lunge": 736, "Diamond Pushup": 737, "Bench Step-up": 738, "Hanging Straight Leg Raise": 739, "Hanging Bent Leg Raise": 740, "Close Grip Chinups": 741, "Jump Squat": 742, "11/2Rep Bodyweight Squat": 743, "Bench Press - Warm Up Sets": 744, "Incline Flye": 745, "EZ Bar Extension, Pullover & Press": 746, "Deadlift- Warm Up Sets": 747, "Squat - Warm Up Sets": 748, "Bent Over Rows": 749, "Dumbbell Stiff Leg Deadlifts": 750, "Rack Deadlift - Just below knee cap": 751, "Close Grip Lat Pull Down": 752, "Rear Delt Flyes": 753, "Side Laterals": 754, "Low-Pulley Cable Crossover": 755, "Feet-Elevated Pushup": 756, "Neutral-grip Pullup": 757, "Straight Arm Cable Pull Down": 758, "Double-Arm Dumbbell Row": 759, "Seated One-Arm Dumbbell Curl": 760, "Tricep Pushup": 761, "Single-Leg Calf Raise": 762, "Front or Goblet Squat": 763, "Barbell Row or Pull Up": 764, "Leg Extension or Leg Press": 765, "Lying Hamstring Curls": 766, "Pull-Ups": 767, "Wide-Grip Lat Pulldown": 768, "Weighted Decline Crunch": 769, "Farmers Walk": 770, "Reverse-Grip Bent-Over Row": 771, "Narrow-Grip Lat Pulldown": 772, "Barbell Good Morning": 773, "Seated or Standing Calf Raise": 774, "Dumbbell Sumo Squats": 775, "Dumbbell Flat Bench Chest Flys": 776, "Ab Wheel or Barbell Rollouts": 777, "Barbell Squats": 778, "Close Grip Bench": 779, "Overhead Press": 780, "Push Up or Push Up w/ Elevated Feet": 781, "Shoulder Width Pull Ups or Inverted Rows": 782, "Hands Close Triceps Push Ups": 783, "Squat Jump": 784, "Walking or Stationary Lunge": 785, "Single Leg Dumbbell Calf Raise": 786, "Bench Leg Lift": 787, "Incline or Flat Bench Dumbbell Press": 788, "Standing Barbell or Dumbbell Press": 789, "Reverse Grip Chin Up": 790, "Parallel Bar Dip": 791, "Back or Front Squat": 792, "3 Way Crunch": 793, "Feet-elevated Pushup": 794, "Wide-grip Pullup": 795, "Diamon Pushups": 796, "Reverse-grip Inverted Row": 797, "Box or Squat Jump": 798, "Lunges": 799, "Hanging orLying Leg Raise": 800, "Plank or 3-way Plank": 801, "Pec Deck": 802, "Rope Extensions": 803, "Straight Bar Pushdowns": 804, "Rope Crunch": 805, "Wide Grip Chins": 806, "Wide Grip Rows": 807, "Narrow Grip Pulldown": 808, "Hyper Extensions": 809, "Dumbbell Shoulders Press": 810, "Cable Lateral Raise": 811, "Reverse Cable Fly": 812, "Smith Machine Shrugs": 813, "Incline Barbell Press": 814, "Flat Barbell Press": 815, "Flat Flys": 816, "Reverse Grip Pushdown": 817, "Dumbbell Extension": 818, "Hip Thrusts": 819, "Wide Grip Pulldowns": 820, "Bent Over Dumbbell Rows": 821, "Straight Leg Deadlifts": 822, "Smith Machine Press": 823, "Dumbbell Rear Delt Flys": 824, "Machine Overhead Press": 825, "Seated Overhead Dumbbell Press": 826, "Bent-Over Rear Lateral Raise": 827, "One Arm Upright Row": 828, "Single Arm Dumbbell Shrug": 829, "Split Squat": 830, "Single Stiff-LegDeadlift": 831, "Superman": 832, "Floor Dumbbell Press": 833, "One Arm Overhead Extension": 834, "One Arm Kickback": 835, "Dumbbell Standing Calf Raise": 836, "Bodyweight Squat Jumps": 837, "Dumbbell Bench Press*": 838, "Incline Bench Press*": 839, "Rope Pulldowns": 840, "Wide Grip Pull Up*": 841, "Dumbbell Preacher Curl": 842, "Bent Over Rev Fly": 843, "Decline Crunches": 844, "Twisting Crunches": 845, "Decline Dumbbell Press": 846, "Smith Machine Barbell Row": 847, "Wide Grip Pulldown": 848, "Seated Rowing": 849, "Hyper-Extension": 850, "Side Lateral Raises": 851, "Rear Delt Fly": 852, "Barbell Upright Row": 853, "Seated Dumbbell Curl (alternate arms)": 854, "EZ Bar Close Grip Bench": 855, "Seated Dumbbell Extension (2 arm)": 856, "V-Bar Pull Down": 857, "Hyper Extension": 858, "Weighted Crunches*": 859, "Forward Lunge": 860, "Bodyweight Squat": 861, "Mountain Climber": 862, "Sit Up": 863, "Bicycles": 864, "Back Squat": 865, "T Bar Row": 866, "Leaning Lateral Raise": 867, "Overhead Dumbbell Extension": 868, "Reverse Hack Squat": 869, "Machine Fly": 870, "Reverse Machine Fly": 871, "Overhead Rope Extension": 872, "Narrow Grip Pushups": 873, "Reverse Grip Bent Over Row ": 874, "Wide Grip Pull Down": 875, "1 Arm Cable Row": 876, "Dumbbell Reverse Curl": 877, "Rope Curl": 878, "Wall Squat": 879, "Leg Curls - ": 880, "Seated Calf Raise - ": 881, "Pendlay Barbell Row": 882, "Lying Dumbbell Triceps Extension": 883, "Squat Jumps": 884, "Mountain Climbers": 885, "Kettlebell Goblet Squat": 886, "Crunch w/ Feet Elevated": 887, "Vacuums": 888, "Alternating Barbell Lunges": 889, "Underhand Grip Bent Over Row": 890, "Narrow Grip Bench Press": 891, "Standing Military Press": 892, "Close Underhand Grip Pull Up": 893, "Incline Bent Leg Hip Raise": 894, "Weighted Dips": 895, "Walking Dumbbell Lunge": 896, "Standing Alternating Dumbbell Curl": 897, "Wide Grip Upright Row": 898, "Upright Torso Dips": 899, "Hang Clean to Push Press": 900, "Tire Flips": 901, "Clapping Push Ups": 902, "Leg Raises": 903, "Box Jumps - 24\" to 30\"": 904, "Decline Push Up": 905, "Kettlebell Swings": 906, "Overhead Squats": 907, "Hang Clean": 908, "Row Machine": 909, "Push Jerk": 910, "Barbell or DumbbellThrusters": 911, "One Arm Reverse Fly": 912, "Single Arm Kettlebell Fly": 913, "Overhead Kettlebell Extension": 914, "Single Arm Kettlebell Deadlift": 915, "Walking Lunge+": 916, "Weighted Twisting Sit Up": 917, "Kettlebell Pullover": 918, "Standing Kettlebell Twist": 919, "Wide Grip Barbell Bent-Over Row": 920, "One Arm Barbell Row": 921, "Narrow Grip Push Ups ": 922, "Split Jumps": 923, "Standing Dumbbell Lateral Raise": 924, "Seated Dumbbell Arnold Press": 925, "EZ Bar Skullcrusher": 926, "Deadlift - Ramped": 927, "Pull Upor Rack Chins": 928, "Power Shrug": 929, "Military Press Variation - Standing or Seated": 930, "Face Pull": 931, "Weighted Chest Dip": 932, "Smith Machine Lunge": 933, "Kettlebell Ab Pullover and Crunch": 934, "Rotating Mountain Climber": 935, "Alternate Straight Leg Lower": 936, "Side Plank": 937, "Plank to Hip Raise": 938, "Stomach Vacuum": 939, "Abdominal Air Bike": 940, "Exercise Ball Ab Crunch": 941, "Lying Knee Tucks": 942, "Barbell Rollout": 943, "Pallof Press": 944, "Farmers Carry": 945, "(Weighted) Hyperextension": 946, "(Weighted) Glute Bridge": 947, "Horizontal Leg Raise (floor)": 948, "Hover (AKA plank)": 949, "Floor Reach": 950, "Side Hover": 951, "Advanced Hover": 952, "Sit Up, Stand Up": 953, "Hanging Knee Raises (Knees to Elbows)": 954, "Barbell or Ab Wheel Roll Outs": 955, "Ab Wheels or Barbell Rollout": 956, "Weighted Crunch*": 957, "Ab Wheelsor Barbell Rollout": 958, "Plank with Feet On Bench": 959, "Weighted Sit Up": 960, "Side Plank (Left Hand Down)": 961, "Side Plank (Right Hand Down)": 962, "Lying knee raises": 963, "Abdominal Air Bike (25 reps per leg)": 964, "Bench Jack Knife": 965, "Lying Bench Leg Raise": 966, "Reach and Catch (25 reps per leg)": 967, "Chair Leg Raise": 968, "Floor Toe Reach": 969, "Ab Wheel or Barbell Rollout": 970, "Plank (start by lifting 1 leg for 10secs., then the other for another 10secs.)": 971, "Side Plank + Hip Dips": 972, "Plank (front position for 2mins., change to sides when needed)": 973, "Barbell or Dumbbell Deadlift": 974, "Wide Grip Lat Pulldown": 975, "Dumbbell or Machine Lateral Raise": 976, "Straight Bar Tricep Extension": 977, "Low Incline Dumbbell Flys": 978, "Reverse Grip Lat Pulldown": 979, "Single-Leg Press": 980, "Standing Side Bend": 981, "V-Ups": 982, "Straight Leg Toe Touch": 983, "Sit-Up": 984, "Dumbbell Split Squat": 985, "(Assisted) Nordic Hamstring Curls": 986, "Lateral Lunges": 987, "Banded Rear Delt Fly": 988, "Banded Lateral Raise": 989, "Plate Pinch": 990, "Dead Bug": 991, "Dumbbell Farmers Walk": 992, "Barbell Jump Squat": 993, "Alternating Lunge Jump": 994, "Bosu Power Push Up": 995, "Inverted Speed Row": 996, "Landmine Rotation": 997, "Dumbbell Goblet Squat": 998, "Assisted Chin-Ups": 999, "Dumbbell Single Leg Deadlift - per leg": 1000, "Dumbbell Bent-Over Row": 1001, "Side Plank - per side": 1002, "Incline Dumbbell Chest Press": 1003, "Farmers Walks": 1004, "Barbell Biceps Curl": 1005, "Rope Cable Triceps Press": 1006, "Dumbbell Split Squat - per leg": 1007, "Stability Ball Leg Curl": 1008, "Dumbbell Chest Press": 1009, "Neutral Grip Dumbbell Biceps Curl": 1010, "Supine Barbell Triceps Press (Skull Crushers)": 1011, "Plank to Opposite Raise - per side": 1012, "Chin-Ups": 1013, "Dumbbell Reverse Lunge - per leg": 1014, "Chest Supported Dumbbell Row": 1015, "Back Squat -bodyweight on bar in as few sets as possible": 1016, "Side Lying Dumbbell Reverse Fly": 1017, "Feet Elevated Side Plank - per side": 1018, "Cable Biceps Curl": 1019, "Cable Triceps Press": 1020, "Hands on Bench Push-Ups": 1021, "Rear Foot Elevated Dumbbell Split Squat - per leg": 1022, "Standing One Arm Cable Row - per arm": 1023, "Sliding Leg Curl": 1024, "Cable Chest Fly": 1025, "Half Kneeling Cable Chop - per side": 1026, "Neutral Grip Dumbbell Lateral Raise": 1027, "Dumbbell Biceps Curl": 1028, "Dumbbell Overhead Triceps Press": 1029, "Barbell Roll-Outs": 1030, "Dumbbell Bent-Over Row - per arm": 1031, "Front Squat -bodyweight on bar in as few sets as possible": 1032, "Side Plank with Cable Row - per arm": 1033, "Cable Rope Triceps Press": 1034, "Push-Ups": 1035, "Front Reverse Lunge": 1036, "Split Stance Cable Face Pulls": 1037, "Single Arm Dumbbell Chest Press - per arm": 1038, "Standing Cable Chop - per side": 1039, "Weighted Chin-Ups": 1040, "Side Lying Dumbbell Reverse Fly - per arm": 1041, "Dumbbell Chest Fly": 1042, "Single Arm Dumbbell Overhead Press - per arm": 1043, "Dumbbell Rear Foot Elevated Split Squat - per leg": 1044, "Front Reverse Lunge -per leg with half of bodyweight on bar in as few sets as possible": 1045, "Split Stance Cable Chop - per side": 1046, "Reverse Lunge (Unilateral Load - 1DB)": 1047, "3-D Band Pullapart": 1048, "DB Bench": 1049, "Physioball Leg Curl": 1050, "Pushup w/Chains": 1051, "Facepull": 1052, "Weighted Hammer-Grip Chin-Up": 1053, "DB Row": 1054, "Half-Kneeling Cable Chop": 1055, "Rope Cable Face Pulls": 1056, "Diamond Push-Ups": 1057, "Deep Squats (3 Second Pause At Bottom)": 1058, "Medium-Width Grip Pull-Ups": 1059, "Feet Elevated Diamond Push-Ups": 1060, "Rear-Foot Elevated Bulgarian Split Squats": 1061, "Medium or Wide-Grip Pull-Ups": 1062, "Parallel Bar Dips or Bench Dips": 1063, "Reverse-Grip Chin-Ups": 1064, "Reverse Lunges": 1065, "Feet Elevated Push-Ups w/ Bands": 1066, "Weighted Medium-Grip Pull-Ups": 1067, "Weighted Rear-Foot Elevated Bulgarian Split Squats": 1068, "Weighted Single Leg Calf Raise": 1069, "Bodyweight Calf Raises": 1070, "Full Situp": 1071, "Oblique Crunch": 1072, "Push-up and pull-up": 1073, "Parallel bar dip and inverted row": 1074, "Step-up and single leg calf raise": 1075, "Triset: Lying leg raise, floor crunch and plank": 1076, "3-way push-up and chest-to-bar pull-up": 1077, "Feet-elevated inverted row and burpees": 1078, "Bulgarian split squat and reverse lunge": 1079, "Triset: Hanging leg raise, 3-way plank and jump rope or mountain climbers": 1080, "ChestDips": 1081, "Chin-ups (any grip)": 1082, "Regular Pushups": 1083, "Feet Elevated Pushups": 1084, "Knee Pushups": 1085, "Wide-Grip Pull-Ups": 1086, "Narrow Grip Chin-Ups": 1087, "Pulldowns": 1088, "Cable or Machine Rows": 1089, "Squats*": 1090, "Bench Press*": 1091, "Flyes": 1092, "Pushdowns*": 1093, "Overhead Press*": 1094, "Pulldowns*": 1095, "Under-grip Pulldowns": 1096, "Alternate Dumbbell Curl": 1097, "Close grip bench press": 1098, "Straight bar pushdowns": 1099, "Close grip push ups": 1100, "Modified Arching Pull Up": 1101, "Partial Deadlift": 1102, "Dumbbell Calf Raise - Run The Rack": 1103, "Full-Range Squat": 1104, "Seated Barbell Curl": 1105, "Feet Elevated 3 Point Push Up": 1106, "Side to Side Pull Up": 1107, "T Bar or Barbell Row": 1108, "Incline Sit Up": 1109, "1 1/2 rep Front Squat": 1110, "Single Leg Press": 1111, "Decline Close Grip Tricep Press": 1112, "Bent Over Two Arm Dumbbell Row": 1113, "Medium or Close Grip Pull Up": 1114, "Incline Bench Dumbbell Flye": 1115, "Incline Bench Press or Machine Press": 1116, "Shoulder or Wide Grip Pull Up": 1117, "Machine or T-Bar Row": 1118, "Skullcrusher or Cable Pressdowns": 1119, "Single Leg Press or Walking Lunge": 1120, "Flat bench dumbbell press with two-arm dumbbell row": 1121, "Incline bench dumbbell fly with close-grip pull-up": 1122, "Feet-elevated push-up with inverted row": 1123, "Dumbbell front raise with Dumbbell side lateral": 1124, "Hanging leg raise with incline sit-up": 1125, "Incline dumbbell curl with overhead dumbbell triceps extension": 1126, "Front squat with Dumbbell Stiff LegDeadlift": 1127, "Walking lunge with dumbbell squat": 1128, "One-leg calf raise": 1129, "Floor crunch": 1130, "Medium Grip Pull Up": 1131, "Smith Overhead Press": 1132, "Incline Crunches": 1133, "Dumbbell Bench Press & Two Arm Dumbbell Row": 1134, "Incline Dumbbell Fly & Close-Grip Pull Up": 1135, "Incline Machine Chest Press & Machine Row": 1136, "Dumbbell Front Raise & Dumbbell Side Lateral": 1137, "Hanging Leg Raise & Incline Sit Up": 1138, "Incline Dumbbell Curl & Overhead Dumbbell Tricep Extension": 1139, "Smith Machine Squat & Dumbbell Romanian Deadlift": 1140, "Leg Extension & Seated Leg Curl": 1141, "Seated Leg Curl(Dagger)": 1142, "Rock Grip Pull Ups": 1143, "Walking lunge": 1144, "One leg calf raise with kettlebell or dumbbell": 1145, "Barbell deep squat": 1146, "Lying leg lift with floor crunch (slow cadence)": 1147, "Incline bench dumbbell press": 1148, "Push-up with close-grip push-up (diamond style)": 1149, "Medium-grip pull-up": 1150, "Two-arm dumbbell row with standing dumbbell shoulder press": 1151, "Dumbbell curl with parallel bar dip": 1152, "Hanging leg raise": 1153, "Jump split squat": 1154, "Dumbbell Stiff Legdeadlift": 1155, "Goblet squat with reverse lunge": 1156, "Sissy squat with one leg calf raise with kettlebell or dumbbell": 1157, "Feet-elevated push-up": 1158, "Flat bench dumbbell or barbell press": 1159, "Reverse-grip pull-up": 1160, "Inverted rack row with dumbbell upright row": 1161, "Dumbbell hammer curl with overhead dumbbell triceps extension": 1162, "Leg extensions": 1163, "Leg press-Finish with 28 total plates, 1,260 pounds plus sled.": 1164, "Hack squats-Up to 7 plates per side": 1165, "Squats- Up to 495": 1166, "Inclined lying leg curl": 1167, "Seated leg curl": 1168, "Lying leg curl": 1169, "Bench Press (For sets & reps, see chart above)": 1170, "Close Grip Bench Press or Dumbbell Bench Press": 1171, "Incline Dumbbell Bench Press or Incline Bench Press": 1172, "Dumbbell Flyes or Pec Dec": 1173, "Low Incline Dumbbell Fly": 1174, "Weighted Dip": 1175, "Flat Bench Cable Fly": 1176, "Decline Dumbbell Bench Press": 1177, "Push Ups with Feet Elevated": 1178, "Flat Dumbbell Flys": 1179, "Low Cable Flys": 1180, "Low Incline Barbell Press (in Squat Rack)": 1181, "Incline Single ArmDumbbell Press": 1182, "Seated Chest Press Machine": 1183, "Incline Cable Flys": 1184, "Incline Smith Machine Chest Press": 1185, "Push Up with Feet Elevatedor Feet on Wall Push Up": 1186, "Close Grip Dumbbell Presson the Floor": 1187, "Floor Dumbbell Flys": 1188, "Smith Machine Incline Press": 1189, "Flat Bench Dumbbell Flys": 1190, "BB Flat Bench Press*": 1191, "DB Incline Press": 1192, "Standing High Pulley Cable Fly": 1193, "BB Flat Bench Press": 1194, "DB Incline Fly": 1195, "Seated Chest Press Drop Set*": 1196, "Swiss Ball Dumbbell Press": 1197, "Incline Bench Press followed by pushups": 1198, "Chest Dips (weighted if possible)": 1199, "Bench Press/Dumbbell Fly superset": 1200, "Bench Cable Flys/Pushups superset": 1201, "Dumbbell Bench Press (Drop Set)": 1202, "Cable Crossovers (Drop Set)": 1203, "Close Grip Bench Pressor Paused Bench Press": 1204, "Dumbbell Skullcrushersor Tricep Extensions": 1205, "Barbell Rows or Military Press": 1206, "Pull Ups or One Arm Dumbbell Rows": 1207, "Military Press or Lat Pull Downs": 1208, "Paused Bench Press or Close Grip Bench Press": 1209, "Dumbbell Bench Press or Incline Dumbbell Bench Press": 1210, "Tricep Extensions or Dumbbell Skullcrushers": 1211, "Close Grip Incline Bench Press": 1212, "Rope Cable Tricep Extensions": 1213, "V-Bar Pull Ups": 1214, "Two Arm Dumbbell Rows": 1215, "Dips(Add weight if needed)": 1216, "Dumbbell Bench Press - Run the Rack": 1217, "Dumbbell Crush Press": 1218, "Incline Dumbbell Flye": 1219, "Flat Cable Flye": 1220, "Flat Dumbbell Bench Press": 1221, "Machine/Hammer Strength Chest Press": 1222, "Decline Bench Press": 1223, "Decline Dumbbell Flye": 1224, "Cable crossoveror Machine Flys": 1225, "Smith Machine Incline Bench Press": 1226, "Incline Cable Fly": 1227, "Bodyweight Dips": 1228, "Assited Pull Up": 1229, "Low Back Extension ": 1230, "High Machine Seated Row": 1231, "Lat Pulldowns": 1232, "Close Grip Lat Pulldown from Floor": 1233, "Meadow Rows": 1234, "Supported Rows on Incline Bench": 1235, "Chinups": 1236, "Front lat pulldown": 1237, "Seated rows": 1238, "One arm dumbbell row": 1239, "Power Barbell Shrugs": 1240, "Wide grip pull ups": 1241, "Superset lat pull down / seated row": 1242, "Bent over barbell row": 1243, "Assisted pull ups / lat pull downs superset": 1244, "Seated row drop set": 1245, "Bodyweight row": 1246, "One arm cable row (3-1-3 rep timing)": 1247, "Lat pull downs": 1248, "Bent over row": 1249, "Tri set: Assisted pull ups/lat pull down/seated row": 1250, "Straight arm lat pull down (2-1-2 rep timing)": 1251, "Weighted V-bar Pullups": 1252, "T-bar Row": 1253, "Iso-Dumbbell Rows": 1254, "Standing Dumbbell Row": 1255, "Farmer's Walk": 1256, "Wide Grip Lat Pulldowns": 1257, "Straight Arm Pulldowns": 1258, "Wide Grip Pullups": 1259, "Two-Arm DB Row": 1260, "Wide-Grip Pulldown": 1261, "Reverse-Grip Pulldown": 1262, "Rack-Pull Deadlift": 1263, "NarrowUnilateral Lat Pull-down": 1264, "Wide Unilateral Lat Pull-down (Pronated Grip)": 1265, "Wide Pronated Grip Pull-ups with Chains": 1266, "Deadlifts with Chains": 1267, "Wide Unilateral Dumbbell Row": 1268, "Wide Grip Weighted Pull Ups": 1269, "Low Rack Pull and Power Shrug Combo": 1270, "Hammer Row (DY Row)": 1271, "Pullovers (Machine Preferably)": 1272, "Facing Away Lat Pulldown": 1273, "Cross-Body Hammer Curl": 1274, "Rope Pressdown": 1275, "Incline Dumbbell Curl (bench 30-40 degrees)": 1276, "EZ Bar, Lying Tricep Extension": 1277, "Tricep Pushdown, (hands 8-10\" apart)": 1278, "Cable Push-Downs": 1279, "TricepDips (As many sets as it takes to get 50 total reps with your body weight.)": 1280, "EZ Bar Cheat Curls (Make sure your biceps do most of the work!)": 1281, "Incline Dumbbell Curls (1 rest-pause set for 20  30 total reps. Use strict form!)": 1282, "Rope Push-Downs (1 rest-pause set for 30  40 total rep.s)": 1283, "EZ Bar Skull Crushers": 1284, "EZ Bar Close-Grip Curls": 1285, "Reverse Barbell Curls (Cock your wrists back at the top of each rep to make your forearms do the work.)": 1286, "Weighted Tricep Dips (Add extra weight if necessary.)": 1287, "Alternating Dumbbell Curls": 1288, "Machine Preacher Curls": 1289, "V-bar Push-Downs": 1290, "Incline Skull Crushers (Aim for 12-15 reps for the first set, as many as you can get for the second set.)": 1291, "Preacher EZ Bar Curls (Same protocol as the incline skull crushers.)": 1292, "Rope Push-Downs": 1293, "Rope Hammer Curls": 1294, "Close-Grip Bench Press (try to use the same weight for all sets.)": 1295, "Close-Grip Chin-Ups (with your body weight, stopping a rep before failure on each set.)": 1296, "Incline Curls (With the same weight; try to hit 15  20 reps on the first set.)": 1297, "Close-Grip Bench Press (Try to use the same weight for all sets.)": 1298, "Close-Grip Chin-Ups (Try to use the same added weight for all sets.)": 1299, "V-bar Cable Curls": 1300, "Weighted TricepDips (Work up to a top set of 5 reps. Rest, reduce the weight by 50%, and do as many reps as you can. Rest, and do a third set with just body weight for as many reps as you can.)": 1301, "EZ Bar Curl (1 rest-pause set for 20-30 total reps.)": 1302, "Straight Bar Push-Downs": 1303, "Reverse EZ Bar Curls": 1304, "Incline Skull Crushers": 1305, "Seated One Arm Overhead Dumbbell Extension": 1306, "Cable Rope Hammer Curl": 1307, "90 Degree Side Barbell Preacher Curl": 1308, "Lying Low Cable Curl": 1309, "Incline 2 Arm Overhead Dumbbell Extension": 1310, "Incline Elbows Out Dumbbell Curl": 1311, "Straight Bar Low Cable Curl": 1312, "Front Double Biceps Pose Upper Cable Curl": 1313, "Bent Overhead Cable V-Bar Extension": 1314, "2 Arm Dumbbell Kickback": 1315, "Straight Bar Pushdown": 1316, "Seated Concentration Curl": 1317, "Seated 1/2 Rep Barbell Curl": 1318, "Reverse Grip Low Cable Curl": 1319, "Weighted Triceps Dip": 1320, "Smith Elbows Out Close Grip Bench Press": 1321, "V Bar Pushdown": 1322, "Seated Elbows Supported Tricep Extension Machine": 1323, "Standing EZ Bar Curls": 1324, "Close Grip Bench Presses": 1325, "Cable Curls^": 1326, "Overhead Cable Extensions": 1327, "Reverse Cable Curls": 1328, "Overhead Plate Extensions^": 1329, "Bicep Curls": 1330, "Reverse Curls": 1331, "Hammer Concentration Curls": 1332, "Unilateral Reverse Tricep Extension": 1333, "Dumbbell Kickbacks (alternating grips)": 1334, "Overhead Alternating Dumbbell Extensions": 1335, "Overhead Cambered Bar Extensions": 1336, "Dips w/ Chains": 1337, "Straight Bar Curls": 1338, "Incline Dumbbell Curl (5 count twist, then 2 more reps)": 1339, "Rope Push-Downs (4 count at the bottom of each rep)": 1340, "Standing alternating dumbbell curls": 1341, "Standing dumbbell curls (both at the same time)": 1342, "Seated alternating dumbbell curls": 1343, "Straight bar curls": 1344, "Cable curls": 1345, "Single arm cable curls": 1346, "Standing alternating hammer curls": 1347, "Standing hammer curls": 1348, "Alternating dumbbell preacher curls": 1349, "EZ bar preacher curls": 1350, "Standing dumbbell curls": 1351, "Seated dumbbell curls": 1352, "Straight bar curls w/ 5 second pause at midway point of last rep": 1353, "21s w/ straight bar": 1354, "EZ bar preacher curls - narrow grip(For the last set you will increase the weight by 10lbs.)": 1355, "Alternating single arm preacher curls": 1356, "Bent over isolation dumbbell curls": 1357, "Warm-Up: Cambered Bar Curl/Lying Tricep Extension": 1358, "Cambered Bar Curl/Lying Tricep Extension": 1359, "Incline Curl/Dumbbell Kickback": 1360, "Lying Wide Grip Cable Curl/Lying Close Grip Cable Curl/Lying Reverse Grip Cable Curl": 1361, "Single Arm Pressdown": 1362, "High Standing Cable Curl": 1363, "Spider Curls": 1364, "Kneeling Rope Pressdown": 1365, "Lying Cable Curl": 1366, "Barbell Curls (Misdirection Method)": 1367, "Kneeling Concentration Curls": 1368, "Band or Cable Curls": 1369, "Overhead Tricep Dumbbell Extension": 1370, "Iso-Kick Backs": 1371, "Tricep Press Down": 1372, "The Skull Crusher Gauntlet": 1373, "Chin ups": 1374, "Dumbbell Skull Crushers": 1375, "Diamond Pushups": 1376, "Inverted Underhand Rows": 1377, "Tricep Pressdowns": 1378, "Pull ups (any overhand variation)": 1379, "Underhand Inverted Rows": 1380, "Bench Dip \"Tri-Frys\"": 1381, "Plank (switching variations)": 1382, "Tricep Press Downs w/ Rope": 1383, "Tricep Press Downs w/ Bar": 1384, "Kick Backs": 1385, "Strict Barbell Curl": 1386, "Hammer Dumbbell Curl": 1387, "Lying Rope Cable Curl": 1388, "Dave Draper Forehead Curls": 1389, "Skullcrusher to Nose": 1390, "Skullcrusher to Forehead": 1391, "Skullcrusher to Behind the Head": 1392, "Alternating Incline Curls w/5Second Twist*": 1393, "Rope Tricep Extensions w/4 Second Hold at the Bottom": 1394, "Wrist Curls": 1395, "Heavy Straight Bar Push Downs": 1396, "Straight Bar Preacher Curl": 1397, "Straight Bar Push Downs": 1398, "Alternating Incline Curls With A Twist(6 reps, twist for 5 seconds, then 2 more reps)": 1399, "Rep-Hold Tricep Rope Pushdowns": 1400, "28-Method Barbell Curls": 1401, "Two Arm Incline Dumbbell Curls": 1402, "Incline Dumbbell Curls(with 5 second twist after 6 reps)": 1403, "Wide Grip EZ Bar Curls(Slow motion curls)": 1404, "Rope Cable Pushdowns": 1405, "Standing Barbell Press": 1406, "Standing Single Arm Lateral Raise": 1407, "Face Pulls": 1408, "Seated Reverse Machine Fly": 1409, "Seated Rack Barbell Press": 1410, "Alternated Machine Shoulder Press": 1411, "Military Press*": 1412, "Dumbbell Lat Raise*": 1413, "Single Arm Rear Delt Raise": 1414, "Cable Upright Row": 1415, "Machine Side Lateral Raises": 1416, "Barbell Military Press": 1417, "Seated Dumbbell Front Raise": 1418, "Seated Rear Dumbbell Lateral Raise": 1419, "Machine Shrugs": 1420, "Arnold Dumbbell Press": 1421, "Seated Dumbbell Lateral Raise (standing shown)": 1422, "Upright Row/Barbell Shrug Superset (see notes)": 1423, "Cable Front Raise": 1424, "Dumbbell Press/Barbell Front Raise superset": 1425, "Dumbbell Lateral Raise Drop Set": 1426, "Dumbbell Reverse Fly Drop Set": 1427, "Standing Overhead Barbell Press": 1428, "Alternating Standing Lateral Raise": 1429, "Smith Machine Shoulder Press": 1430, "Reverse Dumbbell Press": 1431, "Cable Laterals (behind the glutes)": 1432, "Bent Over Reverse Cable Flye*": 1433, "Barbell Shrug(1 second pause at top)": 1434, "Dumbbell Shrug(1 second pause at top)": 1435, "Front Cable Raise": 1436, "Seated Military Press": 1437, "Standing Dumbbell Press*": 1438, "Bent Over Rear Delt Fly": 1439, "3 Way Band Pull Apart": 1440, "Standing Overhead Press*": 1441, "Heavy Dumbbell Shrug": 1442, "One Arm Lateral Raise": 1443, "Bent Over Lateral Raise with a Twist": 1444, "Front Raise/Upright RowSuperset": 1445, "Dumbbell Shoulder Press": 1446, "Band Pull Aparts": 1447, "Seated Bent Over Rear Dumbbell Lateral": 1448, "Wide Grip Barbell Upright Row": 1449, "Single Arm Incline Cable Side Lateral": 1450, "Seated Rear Delt Fly Machine": 1451, "Standing Dumbbell Side Lateral": 1452, "Machine Shoulder Press w/ Palms Facing Inward": 1453, "Single Arm Reverse Cable Flye": 1454, "Single Lying Leg Curl": 1455, "Stiff-Legged Deadlift": 1456, "Adductor Machine": 1457, "Abductor Machine": 1458, "Box Squat": 1459, "High RepSquats": 1460, "Romanian Deadlifts": 1461, "Standing Barbell Calf Raises": 1462, "Leg press": 1463, "Leg extension": 1464, "Seated calf raise": 1465, "Back Squats or Front Squats": 1466, "Reverse Lunge From Deficit": 1467, "Back Squats ": 1468, "Rear Leg Elevated Split Squat": 1469, "Front or Back Squats ": 1470, "DB Walking Lunge": 1471, "Prone Hamstring Curls": 1472, "Leg Press, Hack Squats or Lunges": 1473, "Leg press/leg extension superset": 1474, "Squat / Lunges / Leg Extension Tri-Set": 1475, "Stiff Leg Dead/Leg curl ": 1476, "Barbell Hack Squat ": 1477, "Superset:Hip Thrust and Sissy Squat (Rest 60-75 seconds between moves and 75-90 seconds between rounds)": 1478, "Superset:Standing Calf Raise and Seated Calf Raise 310 (Rest 30-45 seconds between moves and 60-75 seconds between rounds)": 1479, "Heels Elevated Barbell Squat (Rest 90 between sets)": 1480, "Hip Thrust (Rest 90 seconds between sets)": 1481, "Seated Calf Raises (Rest 45-60 seconds between sets. Hold for 3 seconds at the top of the move)": 1482, "Barbell Hack Squat and Sissy Squat* (Rest 60-75 seconds between moves and 75-90 seconds between rounds)": 1483, "Superset:Dumbbell Walking Lunge** (10 steps each leg) and Leg Press (Rest 75-90 seconds between moves and 90-120 seconds between rounds)": 1484, "Superset:Standing Calf Raise and Seated Calf Raise (Rest 45 seconds between moves and 75 seconds between rounds)": 1485, "Dumbbell Lunge (8 reps each leg)": 1486, "Standing Calf Machine": 1487, "Seated CalfRaise": 1488, "Seated Leg Curl ": 1489, "Smith Split Lunge": 1490, "Weighted Hyperextensions": 1491, "Adduction Machine": 1492, "Smith Squats": 1493, "Single Leg Extensions": 1494, "Barbell Lunges": 1495, "Deadlift (60% of 1RM)": 1496, "Back Extensions - 45 Degrees": 1497, "Standing Weighted Calf Raise": 1498, "Single Leg Lying Curl": 1499, "Weighted Hyperextension": 1500, "Single Arm Cable Kickback": 1501, "Overhead Cable Extension": 1502, "Kneeling Overhead Tricep Extension Over Flat Bench": 1503, "Banded Tricep Extension": 1504, "Medium-Grip Pull Up": 1505, "Diamond Push Up": 1506, "Feet Elevated Push Up": 1507, "Wide Grip Inverted Row": 1508, "Rack Triceps Press or Parallel Bar Dips": 1509, "Shoulder Width Reverse Grip Pull Up": 1510, "Floor Crunch or Planks": 1511, "Box Jump or Jump Squat": 1512, "Bench Step Up": 1513, "Rear Lunge": 1514, "Lateral Lunge": 1515, "Split Squat Jump": 1516, "Rear Delt Raise": 1517, "Ab Bicycle": 1518, "Tricep Bench Dip": 1519, "Close GripLat Pull Down": 1520, "Close Grip Preacher Curl": 1521, "Standing Wrist Curl": 1522, "Close Grip Pull Downs": 1523, "Reverse Grip Lat Pull Down": 1524, "Seated CableRows": 1525, "Alternating Dumbbell Hammer Curls": 1526, "Barbell Preacher Curls": 1527, "Wide Stance Squats": 1528, "Narrow Stance Squats": 1529, "Stiff-Legged Deadlifts": 1530, "Bent Lateral Raise": 1531, "Toe Raise on Leg Press": 1532, "Seated Wrist Curls": 1533, "Twisting Hanging Knee Raise": 1534, "Seated Machine Chest Press": 1535, "Machine One Arm Row": 1536, "Low Back Extension": 1537, "Seated Smith Machine Press": 1538, "Decline Weighted Crunch": 1539, "PreacherCurl": 1540, "Single Arm Overhead Extension": 1541, "Calf Press": 1542, "Rear Bodyweight Lunge": 1543, "Bodyweight Glute Bridge": 1544, "Landmine Romanian Deadlift": 1545, "Landmine T-Bar Row": 1546, "Conventional Deadlift": 1547, "Kettlebell Squat": 1548, "Turkish Get Up": 1549, "Kettlebell Romanian Deadlift": 1550, "Kettlebell Split Lunge": 1551, "Kettlebell Snatch": 1552, "One Arm Kettlebell Floor Press": 1553, "Kettlebell Lateral Lunge": 1554, "Kettlebell Clean": 1555, "Kettlebell Angled Press": 1556, "Front Delt Raise": 1557, "RearDelt Raise": 1558, "T-bar Machine Row": 1559, "Seated Leg Curl (pre-exhaust)": 1560, "Trap Bar Deadlift": 1561, "Standing Machine Calf Raise": 1562, "Incline Skullcrusher": 1563, "Dumbbell Overhead Press": 1564, "Dumbbell Bicep Curl": 1565, "Farmer's Carry": 1566, "Dead Bugs": 1567, "Banded Nordic Hamstring Curl": 1568, "Standing MachineCalf Raise": 1569, "Standing Cable Curl": 1570, "Standing Dumbbell Reverse Curl": 1571, "Sumo Deadlift": 1572, "Hyperextensions (glute-focused)": 1573, "(Weighted) Dips": 1574, "(Weighted) Chin Up": 1575, "Wide Grip Bicep Curl": 1576, "RDL": 1577, "Dumbbell Incline Bench": 1578, "Hammer Strength Incline Press": 1579, "Hammer Strength Row": 1580, "Plie Squats": 1581, "Standing Hamstring Curl": 1582, "Chest Supported Row": 1583, "Standing Overhead Press": 1584, "Machine T-Bar": 1585, "Overhead Cable Tricep Extension": 1586, "Preacher Dumbbell Curl on Incline Bench": 1587, "Reverse Pec Dec": 1588, "Machine Flat Press": 1589, "Pec Dec Fly": 1590, "1 Arm Tricep Pushdown": 1591, "V Bar Tricep Pushdown": 1592, "Hammer Strength Low Row": 1593, "Incline Bench Dumbbell Rows": 1594, "1 Leg Leg Press": 1595, "Seated Machine Press": 1596, "Cable Side Lateral Raise": 1597, "Barbell Drag Curl": 1598, "1 Arm Cable Curl": 1599, "1 Arm Hammer Strength Low Row": 1600, "Underhand Lat Pulldown": 1601, "Lying Leg Curl Machine": 1602, "Barbell Stiff Leg Deadlift": 1603, "Seated Hamstring Curl": 1604, "Barbell Glute Bridge": 1605, "1 Leg Elevated Calf Raise": 1606, "Standing Calf Raise Machine": 1607, "Incline Dumbbell Press*": 1608, "Cable Fly**": 1609, "Weighted Pull Up": 1610, "Chest Down Pause Row": 1611, "Dumbbell Hammer Curl": 1612, "Front Foot Elevated Split Squat": 1613, "Hamstring Curl": 1614, "Bodyweight Lunges": 1615, "Band Good Mornings": 1616, "Tricep Kickbacks": 1617, "Barbell Deadlift": 1618, "1 Arm Dumbbell Row": 1619, "Bent Over Dumbbell Reverse Fly": 1620, "Hex Bar Power Shrug": 1621, "Swiss Ball Crunch": 1622, "Shoulder Dislocates": 1623, "Lying Incline Dumbbell Extension": 1624, "Shoulder Tap Push Up": 1625, "Swiss Ball Circles": 1626, "Reverse Grip Chin-Up & Flat Bench Barbell Press": 1627, "Dumbbell Shrug & Hyperextension": 1628, "Floor Crunch & Bent-Knee Hanging Leg Raise": 1629, "Barbell Clean and Press": 1630, "Barbell Floor Deadlift or Barbell Back Squat": 1631, "Seated Leg Curl or Romanian Deadlift": 1632, "Incline Bench Dumbbell Press & Wide-Grip Pull-Up": 1633, "Hanging Leg Raise & Planks": 1634, "Standing Barbell or TRX Curl & Parallel Bar Triceps Dips": 1635, "Feet-Elevated Push-Up & Single Leg Calf Raise": 1636, "Incline 3-Way Sit-Up & Lying Leg Raise": 1637, "Sled Pull or Drag or Farmer's Walk": 1638, "Standing Glute Kickback": 1639, "Lying Leg Curls": 1640, "Wide Stance Leg Press": 1641, "Machine Standing Calf Raises": 1642, "Incline Barbell Bench": 1643, "Reverse Grip Straight Bar Pushdown": 1644, "Cable Rows": 1645, "Behind the Back Shrug": 1646, "Rear Delt Machine Fly": 1647, "Alternating Dumbbell Curl": 1648, "Wide Grip Bench Press": 1649, "Standing Dumbbell Shoulder Press": 1650, "Ab Wheel or Barbell Roll Out": 1651, "Power Shrugs": 1652, "Pull Ups or Inverted Row": 1653, "Barbell Curl or Pinwheel Curl": 1654, "Sumo Squats": 1655, "Alt Grip Pull Ups": 1656, "Renegade Row/Push Up/Tuck Jump": 1657, "Wall Sits w/ Dumbbell Curl 21s": 1658, "Diamond Push Ups": 1659, "Incline Machine Press": 1660, "1 Arm Cable Tricep Pulldown": 1661, "Front Raises": 1662, "Shoulder Press": 1663, "Cross Body Curl": 1664, "Jump Rope": 1665, "Reverse Grip Cable Curl": 1666, "Overhead EZ Bar Tricep Extension": 1667, "Pause Back Squat*": 1668, "Hack Squat or Leg Press": 1669, "Trap Bar or Barbell Rack Pull": 1670, "Shrug (with hold)": 1671, "Speed Front Squat": 1672, "Speed Pause Squat*": 1673, "Speed Barbell Press": 1674, "Speed Trap Bar or Barbell Rack Pull": 1675, "Single Arm Preacher Curl": 1676, "45 Degree Back Extension": 1677, "Heavy Deadlift": 1678, "Heavy T-Bar Row": 1679, "Barbell Hip Thrusts": 1680, "Nordic Ham Curls": 1681, "Hyperextension (glute-focused)": 1682, "Seated Overhead EZBar Tricep Extension": 1683, "Standing Cable Reverse Fly": 1684, "Reverse Dumbbell Curl": 1685, "Incline Chest Machine Press (warm up)": 1686, "Partial Side Lateral Raise": 1687, "Smith Machine Behind the Neck Press": 1688, "Rear Delt Machine Fly*": 1689, "Standing Rear Deltoid Cable Crossover": 1690, "Machine Standing Calf Raise": 1691, "Rear Delt Cable Fly": 1692, "Upright Barbell Row": 1693, "Seated Machine Lateral Raise": 1694, "Machine Hack Squat": 1695, "Elevated Stiff Legged Deadlift": 1696, "BehindNeck Lat Pulldown": 1697, "Tricep Cable Pushdown": 1698, "Seated Overhead Cable Tricep Extension": 1699, "Reverse Wrist Curls": 1700, "Z Press": 1701, "Lying Floor Leg Raise": 1702, "Pull Down": 1703, "Heavy Dumbbell Row": 1704, "Reverse Curl": 1705, "Cable Flys": 1706, "Tricep Rope Pressdown": 1707, "Skull Crusher": 1708, "Air Squat": 1709, "Bodyweight Lunge": 1710, "Dumbbell Tricep Extension": 1711, "Dumbbell Plie Squat": 1712, "Standing Dumbbell Calf Raise": 1713, "Seated Dumbbell Shrug": 1714, "Dumbbell Hip Thrust": 1715, "Dumbbell Frog Squat": 1716, "Dumbbell Calf Raise": 1717, "Side Planks": 1718, "Dumbbell Bent Over Row": 1719, "Tripod Dumbbell Row": 1720, "Reverse Grip Dumbbell Row": 1721, "Dumbbell Arnold Press": 1722, "Dumbbell Pinwheel Curl": 1723, "Overhead Dumbbell Tricep Extension": 1724, "Dumbbell Tricep Overhead Extension": 1725, "Dumbbell Skullcrusher": 1726, "Bent Over Lateral Raise": 1727, "One Arm Tricep Extension": 1728, "Cable Shrug": 1729, "Incline Machine Bench Press": 1730, "Slight Incline Dumbbell Press": 1731, "Incline Press": 1732, "Incline Fly": 1733, "Machine Press": 1734, "Machine Dip (or Weighted Dip w/Chain)": 1735, "Dumbbell Lunges (per leg, 30 total per set)": 1736, "Cable Pushdown": 1737, "Close-Grip Press": 1738, "Single Arm Cable Curl": 1739, "Warm-Up: Dumbbell Press": 1740, "Front Raise (w/Plate)": 1741, "Bent-Over Raise": 1742, "Cable Side Raise (per arm)": 1743, "Leg Lift": 1744, "Dumbbell RDL": 1745, "Rear Delt Raises": 1746, "Incline Dumbbell Bench": 1747, "Dumbbell Row on Incline Bench": 1748, "Bent-Over Dumbbell Row": 1749, "Pushup": 1750, "Neutral Grip Dumbbell Bench Press": 1751, "Wide Grip Bent Over Row": 1752, "Close Grip Chin Up": 1753, "Cable Face Pulls": 1754, "Barbell Romanian Deadlift": 1755, "Standing Shoulder Press": 1756, "Tricep Skull Crusher": 1757, "Dumbbell Alternating Curl": 1758, "Barbell Overhead Extension": 1759, "Barbell Reverse Curls": 1760, "Cable Rope Extension": 1761, "Tricep Push Up": 1762, "Incline EZ Bar Skullcrusher": 1763, "Seated Overhead Dumbbell Extension": 1764, "Tricep Cable Extension": 1765, "Rope Hammer Curl": 1766, "Forearm Wrist Curls": 1767, "Ab Wheel Rollout": 1768, "Slight Incline Neutral Grip Dumbbell Press": 1769, "Forearm Wrist Curl": 1770, "Side Bends": 1771, "Military Press (AKA Overhead Press)": 1772, "Pull Up (or Lat Pull Down)": 1773, "Incline Dumbbell Bench Press (90 degrees)": 1774, "Incline Dumbbell Bench Press (45 degrees)": 1775, "Bent Over Dumbbell Rear Fly": 1776, "Reverse Grip Bent Over Row": 1777, "Incline Push Up": 1778, "Reverse Grip Pull Down": 1779, "Barbell Push Press": 1780, "Standing Dumbbell Front Raise": 1781, "Weighted Jump Squat": 1782, "Weighted Wall Sits": 1783, "Wall Sits": 1784, "Seated Curl": 1785, "Standing Curl": 1786, "Skullcursher": 1787, "Close Grip Press": 1788, "Reverse Grip Tricep Cable Pushdown": 1789, "Barbell Thrusters": 1790, "Elevated Push Up": 1791, "1 Arm Row": 1792, "Weighted Wide Grip Pull Ups": 1793, "Narrow Grip T-Bar Row": 1794, "EZ Bar Bicep Curls": 1795, "Narrow Grip Pull Down": 1796, "Chest Supported Machine Row": 1797, "Straight Arm Rope Pull Down": 1798, "Lower Back Hyperextensions": 1799, "Standing Dumbbell Side Lateral Raise": 1800, "Dumbbell Rear Delt Lateral Raise": 1801, "Rope Face Pull": 1802, "Flat Machine Chest Press": 1803, "Single Arm Cable Press Down": 1804, "Standing Alternating Dumbbell Hammer Curl": 1805, "Glute Kick Backs": 1806, "Cable Wood Choppers": 1807, "Barbell Ab Roll Out": 1808, "Tricep Rope Extension": 1809, "Triceps Dips": 1810, "Hyperextensions (Glute)": 1811, "Scissor Kicks": 1812, "Bicycle": 1813, "ATG Squat": 1814, "Nordic Hamstring Curl": 1815, "Incline bench dumbbell press/box jump": 1816, "Wide-grip pull-up/plyo push-up": 1817, "Alternating dumbbell shoulder press/reverse lunge": 1818, "Reverse-grip chin-up/kettlebell swing": 1819, "Parallel dip/mountain climber": 1820, "Bicycle crunch/hanging leg raise": 1821, "Flat bench dumbbell press/jump squat": 1822, "Inverted row/side lunge": 1823, "Standing barbell push press/burpee": 1824, "TRX curl/seated V-up": 1825, "Diamond push-up/Kettlebell swing": 1826, "Windshield wiper/plank": 1827, "Feet-elevated push-up/jump split squat": 1828, "Bent-over two-arm row/reverse lunge": 1829, "Wide-grip upright row/Turkish get-up": 1830, "Lying dumbbell extension/bench step-up": 1831, "Incline bench curl/ab crunch": 1832, "Sit-up/hanging knee-up": 1833, "Dip": 1834, "Step Ups": 1835, "Bent-over Row": 1836, "Weighted Pullup": 1837, "Barbell French Press": 1838, "Bent-over Lateral Raise": 1839, "Dumbbell Side Lateral Raise": 1840, "Close Grip Pull Up": 1841, "Drag Curl": 1842, "Bodyweight Jump Squats": 1843, "Triceps Dip": 1844, "Reverse Dumbbell Fly": 1845, "Glute Hyperextensions": 1846, "Smith Machine Calf Raise": 1847, "Floor Press": 1848, "Underhand Grip Barbell Row": 1849, "Single Leg Leg Press": 1850, "Smith Machine Bent Over Row": 1851, "Hammer Strength Incline Bench": 1852, "10 inch Box Squat(Close Stance)": 1853, "Close Stance Goodmorning": 1854, "Wide Leg Sit Up": 1855, "Banded Face Pull": 1856, "Goodmorning": 1857, "Dead Stop Barbell Row": 1858, "Swiss Ball Plank": 1859, "Band Pushdown": 1860, "Bench Press (3 Diff Grips)": 1861, "Dumbbell Side Raise": 1862, "Dumbbell Bent Over Side Raise": 1863, "10 inch Box Squat (Close Stance)": 1864, "Seated Lat Row": 1865, "Deadlift (Standing on 2 Mats)": 1866, "3a, Romanian Deadlift": 1867, "Dumbbell Incline Row": 1868, "Deadlift (Standing on 1 Mat)": 1869, "Barbell Overhead Shrug": 1870, "High Bar Close Stance Squats": 1871, "Conventional Deadlifts": 1872, "Weighted Pull Ups/Weighted Dips ": 1873, "Overhand Bent Over Row": 1874, "Standing Barbell Curls/ Rope Tricep Ext. ": 1875, "Standing Barbell Curls/ Rope Tricep Ext ": 1876, "Low Bar Slightly Wider than Shoulder Width Squats": 1877, "Sumo Deadlifts": 1878, "Underhand Bent Over Row": 1879, "Seated Dumbell Curls/Skull Crushers ": 1880, "Seated Dumbbell Curls/Skull Crushers": 1881, "Seated Dumbbell Curls/Skull Crushers ": 1882, "Leg Press (Close Foot Placement)": 1883, "Supinated Pull Ups/Dips ": 1884, "Hammer Curls/Close Grip Bench ": 1885, "Low Bar Slightly Wider than Shoulder Width Squat": 1886, "Seated Dumbell Curls/ Skull Crushers ": 1887, "Leg Press (Wide Foot Placement)": 1888, "Pull Ups/Dumbbell Shoulder Press ": 1889, "Barbell Curls/ Triceps Extension ": 1890, "Barbell Curls/Triceps Extension ": 1891, "Glute Cable Kickback": 1892, "CableCurl": 1893, "Cable Pressdown": 1894, "Smith Machine Sumo Squats (Glute Focus)": 1895, "Glute Kick Back": 1896, "Side Crunches": 1897, "Stiff LegDeadlift": 1898, "Hyperextensions (glute focused)": 1899, "Tricep Extensions": 1900, "Single Leg Bodyweight Glute Bridge": 1901, "Side Oblique Crunch (each side)": 1902, "Dumbbell Romanian Deadlift": 1903, "Dumbbell Lunge (each side)": 1904, "Dumbbell Lying Leg Curl (on the floor)": 1905, "Bodyweight Single Leg Deadlift": 1906, "Dumbbell Bench Press(on the floor)": 1907, "Shoulder Machine Press": 1908, "Incline Bench Press Machine": 1909, "Eccentric Only Dips": 1910, "Underhand Lat Pull Down": 1911, "One Leg Leg Press": 1912, "WeightPlate Front Raise": 1913, "Rope Press Down": 1914, "Shotgun Row": 1915, "Dumbbell Floor Fly": 1916, "Dumbbell Leg Curl": 1917, "Dips*": 1918, "Pull Ups*": 1919, "Landmine Squat": 1920, "Dumbbell Jump Squat": 1921, "Dumbbell Leg Extension": 1922, "Standing Single Leg Calf Raise": 1923, "Two Arm Dumbbell Row": 1924, "Dumbbell Knee-In": 1925, "Dumbbell Glute Bridge": 1926, "Dumbbell Sumo Squat": 1927, "One Arm Overhead Dumbbell Extension": 1928, "Dumbbell Tricep Kickbacks": 1929, "Neutral Grip Dumbbell Press": 1930, "Standing Hammer Curl": 1931, "Wide Smith Machine Squat": 1932, "Smith Machine Bent-Over Row": 1933, "Smith Machine Bicep Curl": 1934, "Good Mornings Off Pins": 1935, "Smith Machine Deadlift": 1936, "Smith MachineHip Thrust": 1937, "Smith Machine Leg Press": 1938, "Smith Machine Close Grip Bench Press": 1939, "Smith Machine Incline Tricep Extension": 1940, "Glute Bridge": 1941, "Push-Up": 1942, "Reverse Lunge (per leg)": 1943, "Single-Leg Calf Raise (per leg)": 1944, "Dumbbell Lunge (per leg)": 1945, "Single-Leg Dumbbell Calf Raise": 1946, "Decline Bench Sit-Up": 1947, "Incline Bench Dumbbell Fly": 1948, "Wide-Grip Pull-Up Or Pulldown": 1949, "Parallel Bar Dip Or Pressdown": 1950, "Seated V-Up": 1951, "Neutral-Grip Pull-Up or Pulldown": 1952, "Close-Grip Push-Up": 1953, "Bodyweight Lunge(per leg)": 1954, "Strict Overhead Press": 1955, "Lying Dumbbell Pullover": 1956, "Box Squats": 1957, "Glute Bridges": 1958, "Straight Bar Tricep Pressdown": 1959, "Tricep Cable Overhead Extension": 1960, "Rope Tricep Pressdown": 1961, "Reverse Dumbbell Lunge": 1962, "Band Assisted Pull Up": 1963, "One Arm Dumbbell Press": 1964, "Barbell Reverse Lunge": 1965, "Leg Lifts": 1966, "1 Leg Glute Bridge": 1967, "Front Squat to Shoulder Press": 1968, "Alternating Bicep Curls": 1969, "Russian Twist w/ Ball": 1970, "Bicycle Kicks": 1971, "Squat to Arnold Press": 1972, "Box Jump": 1973, "1 Leg Push Up": 1974, "Half Kneeling Press": 1975, "Half Turkish Get Up": 1976, "Bicep Curl": 1977, "Dumbbell Overhead Extension": 1978, "Plyometric Push Up": 1979, "Dumbbell Reverse Lunge": 1980, "Dumbbell Overhead Tricep Extension": 1981, "One Arm Kettlebell Swing": 1982, "Push Ups (On knees if needed)": 1983, "Hands Up Push Ups": 1984, "Single Arm Shoulder Press": 1985, "Triceps Extensions Behind Head": 1986, "Right Leg Lunge": 1987, "Left Leg Lunge": 1988, "Right Leg Calf Raise": 1989, "Left Leg Calf Raise": 1990, "Machine Curl": 1991, "Side Lying Clams": 1992, "Seated Shoulder Press": 1993, "Seated Curls": 1994, "High Cable Curl": 1995, "Seated Bench Knee Ups": 1996, "Bodyweight Hyperextensions": 1997, "Weighted Ab Crunch": 1998, "Seated One Arm Dumbbell Extrension": 1999}