{"5": 0, "3": 1, "2": 2, "1": 3, "4": 4, "6": 6, "3-5": 7, "12": 8, "10": 9, "8": 10, "2 x 10-12 reps": 11, "1 x 12 reps": 12, "0": 13, "1 x 10-12 reps": 14, "2 x 8-10\ufffdreps": 15, "2 x 12-15": 16, "2-3": 17, "1-2": 18, "100": 19, "2 x 8-10 reps": 20, "5-7": 21, "3-4": 22, "2x12": 23, "--": 24, "1x12": 25, "5-8": 26, "1, 2": 27, "-": 28, "2x8": 29, "1x10": 30, "2x12 (pulldowns)": 31, "1x12 each": 32, "7": 33, "3-6": 34, "1x15": 35, "40-50 sec": 36, "2-5": 37, "Varies": 38, "15": 39, "20": 40, "25": 41, "AMAP": 42, "4-8": 43, "*": 44, "AMRAP": 45, "3x3": 46, "3x8 /Leg": 47, "3x8-10": 48, "4x15": 49, "3x6": 50, "4x10": 51, "3x6-10": 52, "3x12-15": 53, "3x5": 54, "4x35yds": 55, "4x6 /Side": 56, "2-4": 57, "Maximum": 58, "2 x 10-15": 59, "1 x 10": 60, "1 x 15": 61, "1 x 10-15": 62, "2x10-15": 63, "1x10-15": 64, "1 x 12": 65, "4*": 66, "5*": 67, "2/0/1/4": 68, "5/0/X": 69, "2/4/1": 70, "2/0/4": 71, "2/0/1": 72, "5/1/X": 73, "3/1/1": 74, "2/0/1/1": 75, "3/0/1": 76, "5/1/1": 77, "3/0/1/1": 78, "5/0/1": 79, "4/1/1": 80, "2/1/1": 81, "3/2/1": 82, "2/4/1/1": 83, "2/1/4": 84, "3/0/X": 85, "6/0/1": 86, "2, 2": 87, "2*": 88, "3**": 89, "4-5": 90, "2/1/1/1": 91, "2/1/4/1": 92, "4/0/X": 93, "2/5/1": 94, "11": 95, "6/1/X/1": 96, "4/0/X/1": 97, "4/1/1/1": 98, "4/1/X/1": 99, "2x12-15": 100, "3x8-12": 101, "15 Min": 102, "2 x 12": 103, "2 x 12 (on pull down)": 104, "1-6": 105, "10 Mins": 106, "1-3": 107, "2 x 12 on pull downs": 108, "2 x 12 on pull down": 109, "9": 110, "20 Secs": 111, "30 Secs": 112, "40 Secs": 113, "45 Secs": 114, "1/0/1/1": 115, "1/0/1": 116, "1/1/1": 117, "1/1/1/1": 118}