{"Calves, Glutes, Hamstrings, Lower Back": 0, "Shoulders, Triceps": 1, "Abs, Biceps, Lats, Lower Back, Shoulders": 2, "Biceps, Shoulders": 3, "NaN": 81, "Shoulders": 5, "Abs, Adductors, Calves, Forearms, Glutes, Hamstrings, Lats, Lower Back, Middle Back, Quads, Traps, Upper Back": 6, "Abs, Forearms, Glutes, Lats, Lower Back, Traps, Upper Back": 7, "Traps, Triceps": 8, "Abs, Biceps, Shoulders, Upper Back": 9, "Abs, Shoulders, Triceps": 10, "Shoulders, Upper Back": 11, "Lower Back": 12, "Abs, Biceps, Lats, Shoulders": 13, "Calves, Glutes, Hamstrings": 14, "Forearms": 15, "Abs, Adductors, Calves, Glutes, Hamstrings, Lower Back": 16, "Glutes, Lower Back": 17, "Biceps, Lats, Shoulders": 18, "Traps, Upper Back": 19, "Chest, Shoulders": 20, "Abs, Traps, Triceps": 21, "Hamstrings": 22, "Abs, Traps": 23, "Abs, Adductors, Calves, Glutes, Lats, Lower Back, Quads, Traps, Upper Back": 24, "Hamstrings, Lower Back": 25, "Abs": 26, "Traps": 27, "Abs, Biceps, Lats, Lower Back, Shoulders, Traps": 28, "Shoulders, Traps": 29, "Biceps": 30, "Biceps, Lats": 31, "Abs, Hamstrings": 32, "Triceps": 33, "Glutes": 34, "Calves, Forearms, Glutes, Hamstrings, Middle Back, Quads, Traps": 35, "Lats, Shoulders, Triceps": 36, "Calves, Hamstrings, Lower Back": 37, "Abs, Adductors, Calves, Glutes, Hamstrings, Shoulders, Traps, Upper Back": 38, "Abs, Hamstrings, Lower Back, Upper Back": 39, "Abs, Calves, Glutes": 40, "Abs, Adductors, Biceps, Calves, Forearms, Glutes, Hamstrings, Lower Back": 41, "Abs, Upper Back": 42, "Upper Back": 43, "Abs, Adductors, Calves, Glutes, Hamstrings": 44, "Glutes, Hamstrings": 45, "Biceps, Lats, Lower Back, Traps": 46, "Abs, Calves, Glutes, Hamstrings": 47, "Abs, Adductors, Calves, Glutes, Hamstrings, Hip Flexors, Upper Back": 48, "Biceps, Lats, Triceps": 49, "Abs, Adductors, Calves, Forearms, Glutes, Lats, Lower Back, Quads, Traps, Upper Back": 50, "Abs, Adductors, Calves, Glutes, Hamstrings, Traps, Upper Back": 51, "Biceps, Traps, Upper Back": 52, "Abs, Glutes, Hamstrings": 53, "Calves, Glutes, Quads": 54, "Abs, Adductors, Biceps, Calves, Forearms, Glutes, Hamstrings, Quads, Shoulders, Upper Back": 55, "Abs, Hamstrings, Lower Back, Quads, Shoulders, Traps, Upper Back": 56, "Glutes, Hamstrings, Lower Back, Triceps": 57, "Biceps, Middle Back, Shoulders": 58, "Lats, Shoulders": 59, "Abs, Chest, Shoulders": 60, "Abs, Adductors, Biceps, Calves, Glutes, Hamstrings, Shoulders, Traps, Upper Back": 61, "Abs, Adductors, Biceps, Calves, Chest, Forearms, Glutes, Hamstrings, Lats, Lower Back, Shoulders, Traps, Triceps, Upper Back": 62, "Abs, Adductors, Calves, Glutes, Hamstrings, Hip Flexors": 63, "Abs, Adductors, Calves, Glutes, Hamstrings, Lower Back, Shoulders, Traps, Triceps, Upper Back": 64, "Abs, Calves, Glutes, Hamstrings, Lower Back, Shoulders, Traps, Triceps, Upper Back": 65, "Adductors, Calves, Glutes, Hamstrings, Hip Flexors": 66, "Abs, Forearms, Glutes, Lats, Lower Back, Upper Back": 67, "Biceps, Middle Back": 68, "Adductors, Calves, Glutes, Hamstrings, Lower Back": 69, "Abs, Triceps": 70, "Abs, Adductors, Calves, Glutes, Hamstrings, Hip Flexors, Lower Back": 71, "Abs, Adductors, Calves, Forearms, Glutes, Hamstrings, Lower Back": 72, "Calves, Glutes, Lower Back": 73, "Adductors, Glutes, Hamstrings, Quads, Shoulders, Upper Back": 74, "Abs, Biceps, Chest, Lats, Lower Back, Shoulders": 75, "Abs, Adductors, Forearms, Glutes, Lats, Lower Back, Quads, Traps, Upper Back": 76, "Abs, Biceps, Shoulders, Traps, Upper Back": 77, "Calves, Forearms, Glutes, Hamstrings, Lats, Middle Back, Quads, Traps": 78, "Abs, Adductors, Calves, Glutes, Hamstrings, Upper Back": 79, "Abs, Traps, Upper Back": 80, "None":81}